Module,/veins_fg/examples/Examples_Veins_fg/Prj_Part1_propag/OLSR/results/OLSR-ETX-FS-25-0.sca_OLSR-ETX-FS-25-0-20150609-18:50:25-25770_rcvdPk:count,/veins_fg/examples/Examples_Veins_fg/Prj_Part1_propag/OLSR/results/OLSR-ETX-FS-25-0.sca_OLSR-ETX-FS-25-0-20150609-18:50:25-25770_sentPk:count,/veins_fg/examples/Examples_Veins_fg/Prj_Part1_propag/OLSR/results/OLSR-ETX-FS-25-1.sca_OLSR-ETX-FS-25-1-20150609-18:50:25-25764_rcvdPk:count,/veins_fg/examples/Examples_Veins_fg/Prj_Part1_propag/OLSR/results/OLSR-ETX-FS-25-1.sca_OLSR-ETX-FS-25-1-20150609-18:50:25-25764_sentPk:count,/veins_fg/examples/Examples_Veins_fg/Prj_Part1_propag/OLSR/results/OLSR-ETX-FS-25-2.sca_OLSR-ETX-FS-25-2-20150609-18:50:24-25755_rcvdPk:count,/veins_fg/examples/Examples_Veins_fg/Prj_Part1_propag/OLSR/results/OLSR-ETX-FS-25-2.sca_OLSR-ETX-FS-25-2-20150609-18:50:24-25755_sentPk:count,/veins_fg/examples/Examples_Veins_fg/Prj_Part1_propag/OLSR/results/OLSR-ETX-FS-25-3.sca_OLSR-ETX-FS-25-3-20150609-18:50:24-25760_rcvdPk:count,/veins_fg/examples/Examples_Veins_fg/Prj_Part1_propag/OLSR/results/OLSR-ETX-FS-25-3.sca_OLSR-ETX-FS-25-3-20150609-18:50:24-25760_sentPk:count,/veins_fg/examples/Examples_Veins_fg/Prj_Part1_propag/OLSR/results/OLSR-ETX-FS-25-4.sca_OLSR-ETX-FS-25-4-20150609-18:59:30-26272_rcvdPk:count,/veins_fg/examples/Examples_Veins_fg/Prj_Part1_propag/OLSR/results/OLSR-ETX-FS-25-4.sca_OLSR-ETX-FS-25-4-20150609-18:59:30-26272_sentPk:count,/veins_fg/examples/Examples_Veins_fg/Prj_Part1_propag/OLSR/results/OLSR-ETX-FS-25-5.sca_OLSR-ETX-FS-25-5-20150609-18:59:38-26299_rcvdPk:count,/veins_fg/examples/Examples_Veins_fg/Prj_Part1_propag/OLSR/results/OLSR-ETX-FS-25-5.sca_OLSR-ETX-FS-25-5-20150609-18:59:38-26299_sentPk:count,/veins_fg/examples/Examples_Veins_fg/Prj_Part1_propag/OLSR/results/OLSR-ETX-FS-25-6.sca_OLSR-ETX-FS-25-6-20150609-18:59:47-26315_rcvdPk:count,/veins_fg/examples/Examples_Veins_fg/Prj_Part1_propag/OLSR/results/OLSR-ETX-FS-25-6.sca_OLSR-ETX-FS-25-6-20150609-18:59:47-26315_sentPk:count,/veins_fg/examples/Examples_Veins_fg/Prj_Part1_propag/OLSR/results/OLSR-ETX-FS-25-7.sca_OLSR-ETX-FS-25-7-20150609-18:59:47-26316_rcvdPk:count,/veins_fg/examples/Examples_Veins_fg/Prj_Part1_propag/OLSR/results/OLSR-ETX-FS-25-7.sca_OLSR-ETX-FS-25-7-20150609-18:59:47-26316_sentPk:count,/veins_fg/examples/Examples_Veins_fg/Prj_Part1_propag/OLSR/results/OLSR-ETX-FS-25-8.sca_OLSR-ETX-FS-25-8-20150609-19:10:36-26797_rcvdPk:count,/veins_fg/examples/Examples_Veins_fg/Prj_Part1_propag/OLSR/results/OLSR-ETX-FS-25-8.sca_OLSR-ETX-FS-25-8-20150609-19:10:36-26797_sentPk:count,/veins_fg/examples/Examples_Veins_fg/Prj_Part1_propag/OLSR/results/OLSR-ETX-FS-25-9.sca_OLSR-ETX-FS-25-9-20150609-19:10:37-26804_rcvdPk:count,/veins_fg/examples/Examples_Veins_fg/Prj_Part1_propag/OLSR/results/OLSR-ETX-FS-25-9.sca_OLSR-ETX-FS-25-9-20150609-19:10:37-26804_sentPk:count,/veins_fg/examples/Examples_Veins_fg/Prj_Part1_propag/OLSR/results/OLSR-ETX-FS-25-10.sca_OLSR-ETX-FS-25-10-20150609-19:10:38-26818_rcvdPk:count,/veins_fg/examples/Examples_Veins_fg/Prj_Part1_propag/OLSR/results/OLSR-ETX-FS-25-10.sca_OLSR-ETX-FS-25-10-20150609-19:10:38-26818_sentPk:count,/veins_fg/examples/Examples_Veins_fg/Prj_Part1_propag/OLSR/results/OLSR-ETX-FS-25-11.sca_OLSR-ETX-FS-25-11-20150609-19:10:45-26829_rcvdPk:count,/veins_fg/examples/Examples_Veins_fg/Prj_Part1_propag/OLSR/results/OLSR-ETX-FS-25-11.sca_OLSR-ETX-FS-25-11-20150609-19:10:45-26829_sentPk:count,/veins_fg/examples/Examples_Veins_fg/Prj_Part1_propag/OLSR/results/OLSR-ETX-FS-25-12.sca_OLSR-ETX-FS-25-12-20150609-19:23:04-27000_rcvdPk:count,/veins_fg/examples/Examples_Veins_fg/Prj_Part1_propag/OLSR/results/OLSR-ETX-FS-25-12.sca_OLSR-ETX-FS-25-12-20150609-19:23:04-27000_sentPk:count,/veins_fg/examples/Examples_Veins_fg/Prj_Part1_propag/OLSR/results/OLSR-ETX-FS-25-13.sca_OLSR-ETX-FS-25-13-20150609-19:23:07-27010_rcvdPk:count,/veins_fg/examples/Examples_Veins_fg/Prj_Part1_propag/OLSR/results/OLSR-ETX-FS-25-13.sca_OLSR-ETX-FS-25-13-20150609-19:23:07-27010_sentPk:count,/veins_fg/examples/Examples_Veins_fg/Prj_Part1_propag/OLSR/results/OLSR-ETX-FS-25-14.sca_OLSR-ETX-FS-25-14-20150609-19:23:22-27034_rcvdPk:count,/veins_fg/examples/Examples_Veins_fg/Prj_Part1_propag/OLSR/results/OLSR-ETX-FS-25-14.sca_OLSR-ETX-FS-25-14-20150609-19:23:22-27034_sentPk:count,/veins_fg/examples/Examples_Veins_fg/Prj_Part1_propag/OLSR/results/OLSR-ETX-FS-25-15.sca_OLSR-ETX-FS-25-15-20150609-19:23:47-27058_rcvdPk:count,/veins_fg/examples/Examples_Veins_fg/Prj_Part1_propag/OLSR/results/OLSR-ETX-FS-25-15.sca_OLSR-ETX-FS-25-15-20150609-19:23:47-27058_sentPk:count,/veins_fg/examples/Examples_Veins_fg/Prj_Part1_propag/OLSR/results/OLSR-ETX-FS-25-16.sca_OLSR-ETX-FS-25-16-20150609-19:36:13-27225_rcvdPk:count,/veins_fg/examples/Examples_Veins_fg/Prj_Part1_propag/OLSR/results/OLSR-ETX-FS-25-16.sca_OLSR-ETX-FS-25-16-20150609-19:36:13-27225_sentPk:count,/veins_fg/examples/Examples_Veins_fg/Prj_Part1_propag/OLSR/results/OLSR-ETX-FS-25-17.sca_OLSR-ETX-FS-25-17-20150609-19:36:50-27238_rcvdPk:count,/veins_fg/examples/Examples_Veins_fg/Prj_Part1_propag/OLSR/results/OLSR-ETX-FS-25-17.sca_OLSR-ETX-FS-25-17-20150609-19:36:50-27238_sentPk:count,/veins_fg/examples/Examples_Veins_fg/Prj_Part1_propag/OLSR/results/OLSR-ETX-FS-25-18.sca_OLSR-ETX-FS-25-18-20150609-19:36:51-27245_rcvdPk:count,/veins_fg/examples/Examples_Veins_fg/Prj_Part1_propag/OLSR/results/OLSR-ETX-FS-25-18.sca_OLSR-ETX-FS-25-18-20150609-19:36:51-27245_sentPk:count,/veins_fg/examples/Examples_Veins_fg/Prj_Part1_propag/OLSR/results/OLSR-ETX-FS-25-19.sca_OLSR-ETX-FS-25-19-20150609-19:37:30-27260_rcvdPk:count,/veins_fg/examples/Examples_Veins_fg/Prj_Part1_propag/OLSR/results/OLSR-ETX-FS-25-19.sca_OLSR-ETX-FS-25-19-20150609-19:37:30-27260_sentPk:count,/veins_fg/examples/Examples_Veins_fg/Prj_Part1_propag/OLSR/results/OLSR-ETX-FS-25-20.sca_OLSR-ETX-FS-25-20-20150609-19:50:28-27511_rcvdPk:count,/veins_fg/examples/Examples_Veins_fg/Prj_Part1_propag/OLSR/results/OLSR-ETX-FS-25-20.sca_OLSR-ETX-FS-25-20-20150609-19:50:28-27511_sentPk:count,/veins_fg/examples/Examples_Veins_fg/Prj_Part1_propag/OLSR/results/OLSR-ETX-FS-25-21.sca_OLSR-ETX-FS-25-21-20150609-19:50:55-27526_rcvdPk:count,/veins_fg/examples/Examples_Veins_fg/Prj_Part1_propag/OLSR/results/OLSR-ETX-FS-25-21.sca_OLSR-ETX-FS-25-21-20150609-19:50:55-27526_sentPk:count,/veins_fg/examples/Examples_Veins_fg/Prj_Part1_propag/OLSR/results/OLSR-ETX-FS-25-22.sca_OLSR-ETX-FS-25-22-20150609-19:50:59-27538_rcvdPk:count,/veins_fg/examples/Examples_Veins_fg/Prj_Part1_propag/OLSR/results/OLSR-ETX-FS-25-22.sca_OLSR-ETX-FS-25-22-20150609-19:50:59-27538_sentPk:count,/veins_fg/examples/Examples_Veins_fg/Prj_Part1_propag/OLSR/results/OLSR-ETX-FS-25-23.sca_OLSR-ETX-FS-25-23-20150609-19:51:32-27555_rcvdPk:count,/veins_fg/examples/Examples_Veins_fg/Prj_Part1_propag/OLSR/results/OLSR-ETX-FS-25-23.sca_OLSR-ETX-FS-25-23-20150609-19:51:32-27555_sentPk:count,/veins_fg/examples/Examples_Veins_fg/Prj_Part1_propag/OLSR/results/OLSR-ETX-FS-25-24.sca_OLSR-ETX-FS-25-24-20150609-19:59:45-27904_rcvdPk:count,/veins_fg/examples/Examples_Veins_fg/Prj_Part1_propag/OLSR/results/OLSR-ETX-FS-25-24.sca_OLSR-ETX-FS-25-24-20150609-19:59:45-27904_sentPk:count,/veins_fg/examples/Examples_Veins_fg/Prj_Part1_propag/OLSR/results/OLSR-ETX-FS-25-25.sca_OLSR-ETX-FS-25-25-20150609-20:00:10-27935_rcvdPk:count,/veins_fg/examples/Examples_Veins_fg/Prj_Part1_propag/OLSR/results/OLSR-ETX-FS-25-25.sca_OLSR-ETX-FS-25-25-20150609-20:00:10-27935_sentPk:count,/veins_fg/examples/Examples_Veins_fg/Prj_Part1_propag/OLSR/results/OLSR-ETX-FS-25-26.sca_OLSR-ETX-FS-25-26-20150609-20:00:28-27952_rcvdPk:count,/veins_fg/examples/Examples_Veins_fg/Prj_Part1_propag/OLSR/results/OLSR-ETX-FS-25-26.sca_OLSR-ETX-FS-25-26-20150609-20:00:28-27952_sentPk:count,/veins_fg/examples/Examples_Veins_fg/Prj_Part1_propag/OLSR/results/OLSR-ETX-FS-25-27.sca_OLSR-ETX-FS-25-27-20150609-20:01:05-27971_rcvdPk:count,/veins_fg/examples/Examples_Veins_fg/Prj_Part1_propag/OLSR/results/OLSR-ETX-FS-25-27.sca_OLSR-ETX-FS-25-27-20150609-20:01:05-27971_sentPk:count,/veins_fg/examples/Examples_Veins_fg/Prj_Part1_propag/OLSR/results/OLSR-ETX-FS-25-28.sca_OLSR-ETX-FS-25-28-20150609-20:09:21-28313_rcvdPk:count,/veins_fg/examples/Examples_Veins_fg/Prj_Part1_propag/OLSR/results/OLSR-ETX-FS-25-28.sca_OLSR-ETX-FS-25-28-20150609-20:09:21-28313_sentPk:count,/veins_fg/examples/Examples_Veins_fg/Prj_Part1_propag/OLSR/results/OLSR-ETX-FS-25-29.sca_OLSR-ETX-FS-25-29-20150609-20:10:30-28363_rcvdPk:count,/veins_fg/examples/Examples_Veins_fg/Prj_Part1_propag/OLSR/results/OLSR-ETX-FS-25-29.sca_OLSR-ETX-FS-25-29-20150609-20:10:30-28363_sentPk:count,/veins_fg/examples/Examples_Veins_fg/Prj_Part1_propag/OLSR/results/OLSR-ETX-FS-25-30.sca_OLSR-ETX-FS-25-30-20150609-20:10:39-28381_rcvdPk:count,/veins_fg/examples/Examples_Veins_fg/Prj_Part1_propag/OLSR/results/OLSR-ETX-FS-25-30.sca_OLSR-ETX-FS-25-30-20150609-20:10:39-28381_sentPk:count,/veins_fg/examples/Examples_Veins_fg/Prj_Part1_propag/OLSR/results/OLSR-ETX-FS-25-31.sca_OLSR-ETX-FS-25-31-20150609-20:11:27-28403_rcvdPk:count,/veins_fg/examples/Examples_Veins_fg/Prj_Part1_propag/OLSR/results/OLSR-ETX-FS-25-31.sca_OLSR-ETX-FS-25-31-20150609-20:11:27-28403_sentPk:count,/veins_fg/examples/Examples_Veins_fg/Prj_Part1_propag/OLSR/results/OLSR-ETX-FS-25-32.sca_OLSR-ETX-FS-25-32-20150609-20:19:20-28559_rcvdPk:count,/veins_fg/examples/Examples_Veins_fg/Prj_Part1_propag/OLSR/results/OLSR-ETX-FS-25-32.sca_OLSR-ETX-FS-25-32-20150609-20:19:20-28559_sentPk:count,/veins_fg/examples/Examples_Veins_fg/Prj_Part1_propag/OLSR/results/OLSR-ETX-FS-25-33.sca_OLSR-ETX-FS-25-33-20150609-20:20:12-28585_rcvdPk:count,/veins_fg/examples/Examples_Veins_fg/Prj_Part1_propag/OLSR/results/OLSR-ETX-FS-25-33.sca_OLSR-ETX-FS-25-33-20150609-20:20:12-28585_sentPk:count,/veins_fg/examples/Examples_Veins_fg/Prj_Part1_propag/OLSR/results/OLSR-ETX-FS-25-34.sca_OLSR-ETX-FS-25-34-20150609-20:20:40-28603_rcvdPk:count,/veins_fg/examples/Examples_Veins_fg/Prj_Part1_propag/OLSR/results/OLSR-ETX-FS-25-34.sca_OLSR-ETX-FS-25-34-20150609-20:20:40-28603_sentPk:count,/veins_fg/examples/Examples_Veins_fg/Prj_Part1_propag/OLSR/results/OLSR-ETX-FS-25-35.sca_OLSR-ETX-FS-25-35-20150609-20:21:15-28621_rcvdPk:count,/veins_fg/examples/Examples_Veins_fg/Prj_Part1_propag/OLSR/results/OLSR-ETX-FS-25-35.sca_OLSR-ETX-FS-25-35-20150609-20:21:15-28621_sentPk:count,/veins_fg/examples/Examples_Veins_fg/Prj_Part1_propag/OLSR/results/OLSR-ETX-FS-25-36.sca_OLSR-ETX-FS-25-36-20150609-20:29:38-28946_rcvdPk:count,/veins_fg/examples/Examples_Veins_fg/Prj_Part1_propag/OLSR/results/OLSR-ETX-FS-25-36.sca_OLSR-ETX-FS-25-36-20150609-20:29:38-28946_sentPk:count,/veins_fg/examples/Examples_Veins_fg/Prj_Part1_propag/OLSR/results/OLSR-ETX-FS-25-37.sca_OLSR-ETX-FS-25-37-20150609-20:30:22-28966_rcvdPk:count,/veins_fg/examples/Examples_Veins_fg/Prj_Part1_propag/OLSR/results/OLSR-ETX-FS-25-37.sca_OLSR-ETX-FS-25-37-20150609-20:30:22-28966_sentPk:count,/veins_fg/examples/Examples_Veins_fg/Prj_Part1_propag/OLSR/results/OLSR-ETX-FS-25-38.sca_OLSR-ETX-FS-25-38-20150609-20:30:59-29002_rcvdPk:count,/veins_fg/examples/Examples_Veins_fg/Prj_Part1_propag/OLSR/results/OLSR-ETX-FS-25-38.sca_OLSR-ETX-FS-25-38-20150609-20:30:59-29002_sentPk:count,/veins_fg/examples/Examples_Veins_fg/Prj_Part1_propag/OLSR/results/OLSR-ETX-FS-25-39.sca_OLSR-ETX-FS-25-39-20150609-20:31:02-29013_rcvdPk:count,/veins_fg/examples/Examples_Veins_fg/Prj_Part1_propag/OLSR/results/OLSR-ETX-FS-25-39.sca_OLSR-ETX-FS-25-39-20150609-20:31:02-29013_sentPk:count,/veins_fg/examples/Examples_Veins_fg/Prj_Part1_propag/OLSR/results/OLSR-ETX-FS-25-40.sca_OLSR-ETX-FS-25-40-20150609-20:39:28-29479_rcvdPk:count,/veins_fg/examples/Examples_Veins_fg/Prj_Part1_propag/OLSR/results/OLSR-ETX-FS-25-40.sca_OLSR-ETX-FS-25-40-20150609-20:39:28-29479_sentPk:count,/veins_fg/examples/Examples_Veins_fg/Prj_Part1_propag/OLSR/results/OLSR-ETX-FS-25-41.sca_OLSR-ETX-FS-25-41-20150609-20:40:03-29499_rcvdPk:count,/veins_fg/examples/Examples_Veins_fg/Prj_Part1_propag/OLSR/results/OLSR-ETX-FS-25-41.sca_OLSR-ETX-FS-25-41-20150609-20:40:03-29499_sentPk:count,/veins_fg/examples/Examples_Veins_fg/Prj_Part1_propag/OLSR/results/OLSR-ETX-FS-25-42.sca_OLSR-ETX-FS-25-42-20150609-20:40:37-29521_rcvdPk:count,/veins_fg/examples/Examples_Veins_fg/Prj_Part1_propag/OLSR/results/OLSR-ETX-FS-25-42.sca_OLSR-ETX-FS-25-42-20150609-20:40:37-29521_sentPk:count,/veins_fg/examples/Examples_Veins_fg/Prj_Part1_propag/OLSR/results/OLSR-ETX-FS-25-43.sca_OLSR-ETX-FS-25-43-20150609-20:40:56-29535_rcvdPk:count,/veins_fg/examples/Examples_Veins_fg/Prj_Part1_propag/OLSR/results/OLSR-ETX-FS-25-43.sca_OLSR-ETX-FS-25-43-20150609-20:40:56-29535_sentPk:count,/veins_fg/examples/Examples_Veins_fg/Prj_Part1_propag/OLSR/results/OLSR-ETX-FS-25-44.sca_OLSR-ETX-FS-25-44-20150609-20:48:47-29766_rcvdPk:count,/veins_fg/examples/Examples_Veins_fg/Prj_Part1_propag/OLSR/results/OLSR-ETX-FS-25-44.sca_OLSR-ETX-FS-25-44-20150609-20:48:47-29766_sentPk:count,/veins_fg/examples/Examples_Veins_fg/Prj_Part1_propag/OLSR/results/OLSR-ETX-FS-25-45.sca_OLSR-ETX-FS-25-45-20150609-20:49:44-29803_rcvdPk:count,/veins_fg/examples/Examples_Veins_fg/Prj_Part1_propag/OLSR/results/OLSR-ETX-FS-25-45.sca_OLSR-ETX-FS-25-45-20150609-20:49:44-29803_sentPk:count,/veins_fg/examples/Examples_Veins_fg/Prj_Part1_propag/OLSR/results/OLSR-ETX-FS-25-46.sca_OLSR-ETX-FS-25-46-20150609-20:50:08-29823_rcvdPk:count,/veins_fg/examples/Examples_Veins_fg/Prj_Part1_propag/OLSR/results/OLSR-ETX-FS-25-46.sca_OLSR-ETX-FS-25-46-20150609-20:50:08-29823_sentPk:count,/veins_fg/examples/Examples_Veins_fg/Prj_Part1_propag/OLSR/results/OLSR-ETX-FS-25-47.sca_OLSR-ETX-FS-25-47-20150609-20:50:42-29841_rcvdPk:count,/veins_fg/examples/Examples_Veins_fg/Prj_Part1_propag/OLSR/results/OLSR-ETX-FS-25-47.sca_OLSR-ETX-FS-25-47-20150609-20:50:42-29841_sentPk:count,/veins_fg/examples/Examples_Veins_fg/Prj_Part1_propag/OLSR/results/OLSR-ETX-FS-25-48.sca_OLSR-ETX-FS-25-48-20150609-20:57:55-30138_rcvdPk:count,/veins_fg/examples/Examples_Veins_fg/Prj_Part1_propag/OLSR/results/OLSR-ETX-FS-25-48.sca_OLSR-ETX-FS-25-48-20150609-20:57:55-30138_sentPk:count,/veins_fg/examples/Examples_Veins_fg/Prj_Part1_propag/OLSR/results/OLSR-ETX-FS-25-49.sca_OLSR-ETX-FS-25-49-20150609-20:59:32-30225_rcvdPk:count,/veins_fg/examples/Examples_Veins_fg/Prj_Part1_propag/OLSR/results/OLSR-ETX-FS-25-49.sca_OLSR-ETX-FS-25-49-20150609-20:59:32-30225_sentPk:count
scenarioPRJP1.node[13].app,511,5034,377,4697,401,5040,508,4946,435,5036,379,4697,458,5032,443,4941,417,4636,568,5039,665,5037,478,5040,423,4460,499,5040,429,5038,373,4453,499,5037,425,4694,338,4698,430,4699,354,4464,362,4947,373,4468,409,4636,369,4459,490,5040,495,5040,412,5038,596,5034,423,5032,381,4460,382,4636,379,4636,386,4636,378,5040,384,4693,379,4697,385,5040,448,5038,578,5042,598,5037,565,5037,379,4636,430,4693,466,5037,375,4694,502,5043,406,4697,622,5038,408,5039
scenarioPRJP1.node[0].app,476,5029,395,5025,438,5029,447,5027,424,5027,420,5025,453,5020,384,5025,412,5024,478,5030,441,5022,414,5029,464,5032,539,5029,434,5025,445,5027,386,5031,408,5025,494,5028,356,5022,486,5030,462,5031,404,5029,419,5028,423,5036,440,5029,399,5029,499,5023,440,5024,453,5020,448,5023,457,5018,394,5024,444,5024,428,5029,404,5026,488,5025,507,5029,428,5031,382,5030,424,5030,474,5024,361,5024,436,5025,363,5025,391,5028,397,5029,417,5025,412,5025,404,5033
scenarioPRJP1.node[1].app,581,5022,596,5028,582,5025,518,5030,613,5025,478,5028,534,5018,549,5019,571,5024,565,5024,557,5026,555,5025,468,5024,576,5025,554,5028,588,5027,548,5025,507,5025,571,5025,586,5028,503,5019,504,5029,557,5022,564,5020,526,5026,574,5025,579,5025,547,5024,573,5022,556,5020,606,5024,560,5032,547,5024,573,5024,577,5025,587,5029,562,5028,560,5025,562,5028,597,5024,540,5027,594,5024,557,5024,520,5022,568,5028,553,5024,598,5024,566,5028,611,5028,558,5027
scenarioPRJP1.node[14].app,354,4453,429,5019,354,5022,344,5019,370,5022,517,5019,456,5021,361,5018,515,5017,464,4680,440,4457,419,5022,410,5030,316,5022,382,4681,435,5021,557,5024,400,5020,410,5015,402,5019,378,5029,409,5020,411,5019,407,5018,442,5027,424,5022,416,5022,508,5018,440,5022,511,5021,469,5020,452,5021,474,5017,373,5017,464,5022,377,5020,415,5019,395,5022,378,5023,368,4454,505,5021,389,4620,580,5017,452,5020,427,5019,574,5019,410,4445,598,5019,374,4681,471,5022
scenarioPRJP1.node[2].app,493,5022,532,5026,568,5028,537,5025,560,5026,526,5026,499,5028,604,5031,557,5032,528,5029,601,5025,572,5028,509,5020,504,5028,527,5026,562,5018,532,5030,550,5030,576,5031,645,5025,547,5026,500,5024,553,5022,583,5036,552,5020,513,5028,590,5028,548,5028,558,5031,508,5035,582,5024,606,5031,609,5032,517,5032,596,5028,515,5026,559,5026,534,5028,544,5024,582,5025,516,5028,515,5032,474,5032,531,5029,504,5026,622,5031,520,5016,515,5026,589,5026,547,5026
scenarioPRJP1.node[15].app,345,4993,424,5001,453,4995,500,4997,455,5001,415,5001,499,5005,477,4996,493,5000,359,5001,510,5002,449,4995,497,5000,426,4995,399,5001,436,5005,405,5002,459,4998,438,5000,524,4993,403,4985,512,4998,481,4993,445,4997,470,4991,415,4995,580,4995,463,5005,597,5000,564,4994,397,5001,436,5000,496,5000,470,5000,465,4995,489,5001,394,5001,384,4995,394,4996,407,5003,497,4999,368,5000,435,5000,567,5000,487,5001,399,4997,567,5006,448,5001,405,5001,515,4996
scenarioPRJP1.node[3].app,422,5015,367,5021,467,5020,495,5023,498,5021,354,5021,569,5018,487,5027,387,5020,415,5024,323,5025,397,5020,417,5013,364,5020,336,5021,350,5024,355,5017,373,5026,392,5024,370,5018,465,5016,352,5021,357,5015,415,5021,432,5016,334,5020,407,5020,462,5019,469,5022,436,5018,483,5021,471,5023,370,5020,395,5020,424,5020,404,5019,336,5021,458,5020,386,5025,376,5022,351,5023,442,5021,439,5020,371,5015,324,5027,309,5024,288,5019,455,5021,373,5021,358,5019
scenarioPRJP1.node[16].app,418,4999,491,5005,487,5003,538,5004,489,5001,409,5005,417,5005,569,5005,545,5002,472,5004,456,4996,432,5003,543,5006,545,5003,435,5005,447,4998,437,5004,490,5000,473,5002,494,5003,548,5008,579,5006,459,4999,471,5005,504,5005,491,5003,391,5003,544,5004,539,5006,456,5005,520,5003,550,4999,462,5002,372,5002,495,5003,500,5000,490,5005,536,5003,527,5004,449,5004,447,5001,415,5010,524,5002,481,5004,490,5005,427,5004,503,5000,487,5005,437,5005,506,5006
scenarioPRJP1.node[4].app,577,5028,490,5023,556,5019,552,5021,568,5019,602,5023,550,5024,652,5017,576,5024,641,5016,600,5026,548,5019,514,5027,594,5019,557,5023,585,5017,566,5021,568,5016,680,5017,606,5019,562,5024,534,5018,507,5028,505,5023,593,5031,542,5019,575,5019,608,5023,537,5021,602,5024,525,5025,536,5018,535,5024,572,5024,523,5019,551,5017,665,5023,605,5019,634,5017,561,5023,528,5020,531,5022,561,5024,529,5029,494,5023,588,5018,554,5027,633,5023,609,5023,522,5019
scenarioPRJP1.node[5].app,593,4991,661,4989,602,4988,487,4987,625,4989,523,4989,608,4988,507,4987,611,4992,535,4994,645,4987,627,4988,475,4986,560,4988,548,4988,582,4985,579,4987,531,4985,474,4993,572,4990,494,4985,520,4991,540,4991,636,4995,513,4993,583,4988,534,4988,493,4987,615,4994,532,4978,548,4980,605,4987,566,4992,501,4992,570,4988,592,4987,544,4989,526,4988,521,4990,447,4984,585,4986,614,4992,607,4992,521,4990,553,4989,547,4992,558,4986,522,4989,535,4988,611,4987
scenarioPRJP1.node[22].app,471,5002,543,5007,496,5003,454,5004,582,5008,561,5007,399,4607,398,5007,561,5004,538,5005,535,5010,545,5003,561,5003,566,5003,552,5007,567,5004,406,4668,469,5005,498,5001,401,5013,502,5000,450,5008,511,5002,442,5002,527,5009,573,5003,588,5003,554,5001,458,5001,483,5010,606,5010,542,5011,416,5004,475,5004,451,5003,328,5006,539,5007,453,5003,355,5009,561,4999,427,5005,593,5004,537,5004,369,5006,483,5007,381,5003,536,5008,503,5007,596,5007,426,4920
scenarioPRJP1.node[6].app,456,5010,452,5017,419,5016,484,4859,440,4859,429,5017,409,5016,387,4614,461,5012,433,4858,448,5021,425,5016,441,5023,386,5016,405,5017,446,4858,425,5012,402,4858,450,5014,471,4614,400,5012,374,4860,384,5010,464,4857,349,5021,426,5016,467,5016,415,4612,463,5010,461,4615,472,4613,412,4610,505,5012,431,5012,439,5016,425,5017,381,5017,402,5016,408,4860,390,4862,401,4859,427,5012,459,5012,466,4612,432,5017,480,5008,480,4854,454,5017,466,5017,480,5016
scenarioPRJP1.node[17].app,436,4997,589,5003,497,4997,486,4995,547,4997,457,5003,574,4993,470,5001,458,4998,527,4995,522,5006,463,4997,455,4992,481,4997,489,5003,514,4993,463,4997,454,5000,378,4996,470,5001,480,4998,435,4996,421,4997,520,4998,460,4994,450,4997,474,4997,485,4999,401,4993,500,4993,491,4998,540,4996,463,4998,463,4998,485,4997,444,4998,494,5003,408,4997,391,4997,505,5003,528,4996,401,4995,450,4998,428,5001,379,5003,476,4998,456,4995,485,5003,538,5003,396,4996
scenarioPRJP1.node[7].app,399,5005,537,5007,483,5010,453,5010,524,5008,506,5007,497,5008,450,5006,465,5006,425,5003,484,5009,469,5010,444,5011,453,5010,454,5005,460,5006,458,5012,515,5010,495,5010,421,4999,455,5011,461,5005,388,5005,488,5006,518,5006,479,5010,494,5010,476,5007,419,5011,444,5008,446,5004,567,5005,532,5006,380,5006,472,5010,519,5005,509,5007,491,5010,468,5005,482,5006,528,5007,467,5009,412,5006,434,5012,458,5007,482,5006,464,5009,468,5007,430,5005,490,5005
scenarioPRJP1.node[18].app,438,5019,450,5013,436,5007,479,5009,445,5006,415,5013,522,5014,465,5022,437,5013,416,5014,493,5010,403,5007,397,5011,399,5007,392,5013,429,5020,585,5011,427,5014,500,5015,577,5017,454,5019,519,5011,438,5019,388,5014,459,5023,454,5007,420,5007,397,5013,439,5013,438,5014,390,5011,468,5016,455,5013,501,5013,531,5007,416,5010,549,5013,488,5007,469,5007,499,5014,462,5009,502,5011,388,5013,428,5014,403,5013,427,5016,374,5017,445,5013,428,5013,494,5005
scenarioPRJP1.node[8].app,449,5016,604,5015,486,5019,503,5019,478,5020,491,5015,544,5018,418,5020,479,5024,516,5020,483,5028,565,5019,512,5020,460,5019,511,5015,544,5021,465,5023,449,5014,545,5020,484,5017,460,5018,435,5018,482,5016,447,5024,444,5023,504,5019,519,5019,448,5012,561,5023,444,5018,573,5015,486,5019,418,5024,502,5024,480,5019,459,5023,429,5015,469,5019,486,5016,496,5013,591,5019,559,5016,445,5024,460,5009,568,5015,468,5014,521,5013,500,5015,513,5015,590,5020
scenarioPRJP1.node[19].app,428,5010,406,5006,585,5014,437,5012,473,5016,538,5006,526,5011,440,5009,453,5011,528,5008,504,5014,464,5014,418,5019,471,5014,406,5006,452,5014,461,5010,504,5015,435,5014,563,5009,413,5021,502,5012,455,5010,525,5011,572,5015,481,5014,551,5014,444,5010,635,5010,581,5011,491,5019,509,5009,559,5011,547,5011,581,5014,582,5016,449,5006,521,5014,458,5014,463,5010,482,5015,415,5012,398,5011,500,5015,537,5006,416,5011,454,5019,446,5006,455,5006,519,5014
scenarioPRJP1.node[9].app,450,5026,482,5017,509,5018,511,5020,513,5018,490,5017,564,5022,532,5016,471,5020,472,5020,441,5018,449,5018,515,5029,508,5018,415,5017,437,5018,498,5012,435,5016,520,5020,586,5021,454,5017,504,5015,465,5026,501,5018,472,5010,428,5018,493,5018,536,5010,373,5016,515,5017,452,5021,502,5016,501,5020,455,5020,503,5018,450,5011,456,5017,445,5018,537,5016,429,5016,416,5020,476,5020,536,5020,481,5013,488,5017,470,5015,500,5022,492,5017,450,5017,514,5019
scenarioPRJP1.node[23].app,607,5025,407,5020,468,5020,460,5023,547,5022,503,5020,482,5020,447,5014,458,5022,473,5022,391,5023,483,5020,448,5019,380,5020,402,5020,397,5023,364,5022,383,5024,541,5016,389,5023,386,5023,404,5020,380,5025,495,5018,520,5021,411,5020,436,5020,441,5021,483,5025,466,5020,435,5027,469,5015,445,5022,410,5022,419,5020,416,5019,670,5020,440,5020,586,5022,458,5025,368,5022,474,5018,452,5022,394,5025,462,5020,500,5019,430,5024,545,5020,404,5020,475,5023
scenarioPRJP1.node[10].app,552,5000,536,5003,466,4997,493,4997,488,4997,534,5003,524,5000,542,4997,545,4997,465,4992,492,5000,529,4997,444,4996,559,4997,434,5003,526,5001,543,5002,462,4995,484,4999,514,5001,432,5003,454,4999,481,5000,513,4996,461,4992,519,4997,489,4997,500,5002,531,5002,538,5000,516,5005,494,4998,501,4997,455,4997,527,4997,498,5004,500,5003,494,4997,452,4994,424,5000,388,4998,480,4999,539,4997,504,5005,392,5003,530,5004,521,4997,518,5003,532,5003,453,4995
scenarioPRJP1.node[24].app,576,5019,422,5022,579,5014,580,5017,564,5013,614,5022,448,5018,638,5013,480,5011,426,5021,521,5012,504,5014,508,5012,572,5014,502,5022,469,5015,443,5015,534,5013,590,5019,467,5018,379,5009,406,5016,400,5019,461,5011,572,5008,431,5014,498,5014,533,5016,417,4679,580,5021,487,5012,481,5015,586,5011,531,5011,423,5014,407,5011,548,5022,388,5014,473,5020,400,5018,327,4922,483,5011,437,5011,400,5006,372,4676,614,5015,333,5012,553,5022,465,5022,439,5015
scenarioPRJP1.node[11].app,599,5000,472,5005,499,5007,502,5003,497,5006,490,5005,508,5007,534,5000,480,5003,487,5002,574,5001,486,5007,573,5001,536,5007,483,5005,452,5012,508,5000,515,5001,522,5008,487,5000,448,5010,553,5004,602,5000,600,4998,468,5000,456,5007,514,5007,535,5007,537,5006,598,5007,455,5017,434,5002,476,5003,525,5003,511,5007,545,5004,540,5005,459,5007,567,5005,483,5002,529,5003,499,5003,488,5003,600,5007,500,5005,512,5002,508,5004,462,5005,522,5005,583,5008
scenarioPRJP1.node[20].app,561,5016,578,5008,558,5013,526,5013,508,5011,551,5008,441,5008,497,5013,646,5013,457,5011,535,5003,560,5013,558,5004,670,5013,566,5008,620,5014,560,5015,529,5009,633,5011,497,5015,625,5005,557,5012,566,5016,524,5012,450,5008,597,5013,510,5013,591,5014,533,5010,509,5015,633,5008,608,5010,523,5013,455,5013,529,5013,500,5012,605,5008,562,5013,544,5011,400,5006,571,5012,529,5013,521,5013,541,5011,494,5008,560,5006,595,5013,644,5008,402,5008,417,5015
scenarioPRJP1.node[12].app,441,5013,480,5018,442,5015,389,5013,413,5013,432,5018,454,5022,421,5013,433,5013,433,5020,465,5024,547,5015,448,5019,440,5015,423,5018,433,5021,398,5013,432,5012,427,5013,454,5016,419,5022,479,5015,450,5013,418,5016,443,5018,448,5015,424,5015,401,5023,446,5017,437,5017,486,5023,438,5009,453,5013,516,5013,451,5015,466,5013,448,5018,418,5015,392,5013,439,5012,544,5016,486,5013,465,5013,382,5023,455,5018,439,5014,502,5023,401,5018,412,5018,525,5012
scenarioPRJP1.node[21].app,480,5009,527,4991,439,4997,531,5001,396,5000,464,4991,352,4994,516,5004,648,4999,556,5005,509,5001,605,4997,548,4996,565,4997,496,4991,643,5005,464,4996,585,5001,495,4997,532,5002,478,4999,409,4998,542,5009,412,4995,369,5001,597,4997,431,4997,520,5001,599,4994,485,5004,563,4998,632,5001,457,4999,505,4999,567,4997,543,4992,448,4991,518,4997,413,4996,558,5003,517,4999,587,4999,556,4999,492,4996,546,4991,546,4997,583,4995,560,4991,573,4991,481,4998
