Module,/veins_fg/examples/Examples_Veins_fg/Prj_Part1_propag/OLSR/results/OLSR-ETX-FS-25-0.sca_OLSR-ETX-FS-25-0-20150609-18:50:25-25770_rcvdPk:count,/veins_fg/examples/Examples_Veins_fg/Prj_Part1_propag/OLSR/results/OLSR-ETX-FS-25-1.sca_OLSR-ETX-FS-25-1-20150609-18:50:25-25764_rcvdPk:count,/veins_fg/examples/Examples_Veins_fg/Prj_Part1_propag/OLSR/results/OLSR-ETX-FS-25-2.sca_OLSR-ETX-FS-25-2-20150609-18:50:24-25755_rcvdPk:count,/veins_fg/examples/Examples_Veins_fg/Prj_Part1_propag/OLSR/results/OLSR-ETX-FS-25-3.sca_OLSR-ETX-FS-25-3-20150609-18:50:24-25760_rcvdPk:count,/veins_fg/examples/Examples_Veins_fg/Prj_Part1_propag/OLSR/results/OLSR-ETX-FS-25-4.sca_OLSR-ETX-FS-25-4-20150609-18:59:30-26272_rcvdPk:count,/veins_fg/examples/Examples_Veins_fg/Prj_Part1_propag/OLSR/results/OLSR-ETX-FS-25-5.sca_OLSR-ETX-FS-25-5-20150609-18:59:38-26299_rcvdPk:count,/veins_fg/examples/Examples_Veins_fg/Prj_Part1_propag/OLSR/results/OLSR-ETX-FS-25-6.sca_OLSR-ETX-FS-25-6-20150609-18:59:47-26315_rcvdPk:count,/veins_fg/examples/Examples_Veins_fg/Prj_Part1_propag/OLSR/results/OLSR-ETX-FS-25-7.sca_OLSR-ETX-FS-25-7-20150609-18:59:47-26316_rcvdPk:count,/veins_fg/examples/Examples_Veins_fg/Prj_Part1_propag/OLSR/results/OLSR-ETX-FS-25-8.sca_OLSR-ETX-FS-25-8-20150609-19:10:36-26797_rcvdPk:count,/veins_fg/examples/Examples_Veins_fg/Prj_Part1_propag/OLSR/results/OLSR-ETX-FS-25-9.sca_OLSR-ETX-FS-25-9-20150609-19:10:37-26804_rcvdPk:count,/veins_fg/examples/Examples_Veins_fg/Prj_Part1_propag/OLSR/results/OLSR-ETX-FS-25-10.sca_OLSR-ETX-FS-25-10-20150609-19:10:38-26818_rcvdPk:count,/veins_fg/examples/Examples_Veins_fg/Prj_Part1_propag/OLSR/results/OLSR-ETX-FS-25-11.sca_OLSR-ETX-FS-25-11-20150609-19:10:45-26829_rcvdPk:count,/veins_fg/examples/Examples_Veins_fg/Prj_Part1_propag/OLSR/results/OLSR-ETX-FS-25-12.sca_OLSR-ETX-FS-25-12-20150609-19:23:04-27000_rcvdPk:count,/veins_fg/examples/Examples_Veins_fg/Prj_Part1_propag/OLSR/results/OLSR-ETX-FS-25-13.sca_OLSR-ETX-FS-25-13-20150609-19:23:07-27010_rcvdPk:count,/veins_fg/examples/Examples_Veins_fg/Prj_Part1_propag/OLSR/results/OLSR-ETX-FS-25-14.sca_OLSR-ETX-FS-25-14-20150609-19:23:22-27034_rcvdPk:count,/veins_fg/examples/Examples_Veins_fg/Prj_Part1_propag/OLSR/results/OLSR-ETX-FS-25-15.sca_OLSR-ETX-FS-25-15-20150609-19:23:47-27058_rcvdPk:count,/veins_fg/examples/Examples_Veins_fg/Prj_Part1_propag/OLSR/results/OLSR-ETX-FS-25-16.sca_OLSR-ETX-FS-25-16-20150609-19:36:13-27225_rcvdPk:count,/veins_fg/examples/Examples_Veins_fg/Prj_Part1_propag/OLSR/results/OLSR-ETX-FS-25-17.sca_OLSR-ETX-FS-25-17-20150609-19:36:50-27238_rcvdPk:count,/veins_fg/examples/Examples_Veins_fg/Prj_Part1_propag/OLSR/results/OLSR-ETX-FS-25-18.sca_OLSR-ETX-FS-25-18-20150609-19:36:51-27245_rcvdPk:count,/veins_fg/examples/Examples_Veins_fg/Prj_Part1_propag/OLSR/results/OLSR-ETX-FS-25-19.sca_OLSR-ETX-FS-25-19-20150609-19:37:30-27260_rcvdPk:count,/veins_fg/examples/Examples_Veins_fg/Prj_Part1_propag/OLSR/results/OLSR-ETX-FS-25-20.sca_OLSR-ETX-FS-25-20-20150609-19:50:28-27511_rcvdPk:count,/veins_fg/examples/Examples_Veins_fg/Prj_Part1_propag/OLSR/results/OLSR-ETX-FS-25-21.sca_OLSR-ETX-FS-25-21-20150609-19:50:55-27526_rcvdPk:count,/veins_fg/examples/Examples_Veins_fg/Prj_Part1_propag/OLSR/results/OLSR-ETX-FS-25-22.sca_OLSR-ETX-FS-25-22-20150609-19:50:59-27538_rcvdPk:count,/veins_fg/examples/Examples_Veins_fg/Prj_Part1_propag/OLSR/results/OLSR-ETX-FS-25-23.sca_OLSR-ETX-FS-25-23-20150609-19:51:32-27555_rcvdPk:count,/veins_fg/examples/Examples_Veins_fg/Prj_Part1_propag/OLSR/results/OLSR-ETX-FS-25-24.sca_OLSR-ETX-FS-25-24-20150609-19:59:45-27904_rcvdPk:count,/veins_fg/examples/Examples_Veins_fg/Prj_Part1_propag/OLSR/results/OLSR-ETX-FS-25-25.sca_OLSR-ETX-FS-25-25-20150609-20:00:10-27935_rcvdPk:count,/veins_fg/examples/Examples_Veins_fg/Prj_Part1_propag/OLSR/results/OLSR-ETX-FS-25-26.sca_OLSR-ETX-FS-25-26-20150609-20:00:28-27952_rcvdPk:count,/veins_fg/examples/Examples_Veins_fg/Prj_Part1_propag/OLSR/results/OLSR-ETX-FS-25-27.sca_OLSR-ETX-FS-25-27-20150609-20:01:05-27971_rcvdPk:count,/veins_fg/examples/Examples_Veins_fg/Prj_Part1_propag/OLSR/results/OLSR-ETX-FS-25-28.sca_OLSR-ETX-FS-25-28-20150609-20:09:21-28313_rcvdPk:count,/veins_fg/examples/Examples_Veins_fg/Prj_Part1_propag/OLSR/results/OLSR-ETX-FS-25-29.sca_OLSR-ETX-FS-25-29-20150609-20:10:30-28363_rcvdPk:count,/veins_fg/examples/Examples_Veins_fg/Prj_Part1_propag/OLSR/results/OLSR-ETX-FS-25-30.sca_OLSR-ETX-FS-25-30-20150609-20:10:39-28381_rcvdPk:count,/veins_fg/examples/Examples_Veins_fg/Prj_Part1_propag/OLSR/results/OLSR-ETX-FS-25-31.sca_OLSR-ETX-FS-25-31-20150609-20:11:27-28403_rcvdPk:count,/veins_fg/examples/Examples_Veins_fg/Prj_Part1_propag/OLSR/results/OLSR-ETX-FS-25-32.sca_OLSR-ETX-FS-25-32-20150609-20:19:20-28559_rcvdPk:count,/veins_fg/examples/Examples_Veins_fg/Prj_Part1_propag/OLSR/results/OLSR-ETX-FS-25-33.sca_OLSR-ETX-FS-25-33-20150609-20:20:12-28585_rcvdPk:count,/veins_fg/examples/Examples_Veins_fg/Prj_Part1_propag/OLSR/results/OLSR-ETX-FS-25-34.sca_OLSR-ETX-FS-25-34-20150609-20:20:40-28603_rcvdPk:count,/veins_fg/examples/Examples_Veins_fg/Prj_Part1_propag/OLSR/results/OLSR-ETX-FS-25-35.sca_OLSR-ETX-FS-25-35-20150609-20:21:15-28621_rcvdPk:count,/veins_fg/examples/Examples_Veins_fg/Prj_Part1_propag/OLSR/results/OLSR-ETX-FS-25-36.sca_OLSR-ETX-FS-25-36-20150609-20:29:38-28946_rcvdPk:count,/veins_fg/examples/Examples_Veins_fg/Prj_Part1_propag/OLSR/results/OLSR-ETX-FS-25-37.sca_OLSR-ETX-FS-25-37-20150609-20:30:22-28966_rcvdPk:count,/veins_fg/examples/Examples_Veins_fg/Prj_Part1_propag/OLSR/results/OLSR-ETX-FS-25-38.sca_OLSR-ETX-FS-25-38-20150609-20:30:59-29002_rcvdPk:count,/veins_fg/examples/Examples_Veins_fg/Prj_Part1_propag/OLSR/results/OLSR-ETX-FS-25-39.sca_OLSR-ETX-FS-25-39-20150609-20:31:02-29013_rcvdPk:count,/veins_fg/examples/Examples_Veins_fg/Prj_Part1_propag/OLSR/results/OLSR-ETX-FS-25-40.sca_OLSR-ETX-FS-25-40-20150609-20:39:28-29479_rcvdPk:count,/veins_fg/examples/Examples_Veins_fg/Prj_Part1_propag/OLSR/results/OLSR-ETX-FS-25-41.sca_OLSR-ETX-FS-25-41-20150609-20:40:03-29499_rcvdPk:count,/veins_fg/examples/Examples_Veins_fg/Prj_Part1_propag/OLSR/results/OLSR-ETX-FS-25-42.sca_OLSR-ETX-FS-25-42-20150609-20:40:37-29521_rcvdPk:count,/veins_fg/examples/Examples_Veins_fg/Prj_Part1_propag/OLSR/results/OLSR-ETX-FS-25-43.sca_OLSR-ETX-FS-25-43-20150609-20:40:56-29535_rcvdPk:count,/veins_fg/examples/Examples_Veins_fg/Prj_Part1_propag/OLSR/results/OLSR-ETX-FS-25-44.sca_OLSR-ETX-FS-25-44-20150609-20:48:47-29766_rcvdPk:count,/veins_fg/examples/Examples_Veins_fg/Prj_Part1_propag/OLSR/results/OLSR-ETX-FS-25-45.sca_OLSR-ETX-FS-25-45-20150609-20:49:44-29803_rcvdPk:count,/veins_fg/examples/Examples_Veins_fg/Prj_Part1_propag/OLSR/results/OLSR-ETX-FS-25-46.sca_OLSR-ETX-FS-25-46-20150609-20:50:08-29823_rcvdPk:count,/veins_fg/examples/Examples_Veins_fg/Prj_Part1_propag/OLSR/results/OLSR-ETX-FS-25-47.sca_OLSR-ETX-FS-25-47-20150609-20:50:42-29841_rcvdPk:count,/veins_fg/examples/Examples_Veins_fg/Prj_Part1_propag/OLSR/results/OLSR-ETX-FS-25-48.sca_OLSR-ETX-FS-25-48-20150609-20:57:55-30138_rcvdPk:count,/veins_fg/examples/Examples_Veins_fg/Prj_Part1_propag/OLSR/results/OLSR-ETX-FS-25-49.sca_OLSR-ETX-FS-25-49-20150609-20:59:32-30225_rcvdPk:count
scenarioPRJP1.node[13].app,511,377,401,508,435,379,458,443,417,568,665,478,423,499,429,373,499,425,338,430,354,362,373,409,369,490,495,412,596,423,381,382,379,386,378,384,379,385,448,578,598,565,379,430,466,375,502,406,622,408
scenarioPRJP1.node[0].app,476,395,438,447,424,420,453,384,412,478,441,414,464,539,434,445,386,408,494,356,486,462,404,419,423,440,399,499,440,453,448,457,394,444,428,404,488,507,428,382,424,474,361,436,363,391,397,417,412,404
scenarioPRJP1.node[1].app,581,596,582,518,613,478,534,549,571,565,557,555,468,576,554,588,548,507,571,586,503,504,557,564,526,574,579,547,573,556,606,560,547,573,577,587,562,560,562,597,540,594,557,520,568,553,598,566,611,558
scenarioPRJP1.node[14].app,354,429,354,344,370,517,456,361,515,464,440,419,410,316,382,435,557,400,410,402,378,409,411,407,442,424,416,508,440,511,469,452,474,373,464,377,415,395,378,368,505,389,580,452,427,574,410,598,374,471
scenarioPRJP1.node[2].app,493,532,568,537,560,526,499,604,557,528,601,572,509,504,527,562,532,550,576,645,547,500,553,583,552,513,590,548,558,508,582,606,609,517,596,515,559,534,544,582,516,515,474,531,504,622,520,515,589,547
scenarioPRJP1.node[15].app,345,424,453,500,455,415,499,477,493,359,510,449,497,426,399,436,405,459,438,524,403,512,481,445,470,415,580,463,597,564,397,436,496,470,465,489,394,384,394,407,497,368,435,567,487,399,567,448,405,515
scenarioPRJP1.node[3].app,422,367,467,495,498,354,569,487,387,415,323,397,417,364,336,350,355,373,392,370,465,352,357,415,432,334,407,462,469,436,483,471,370,395,424,404,336,458,386,376,351,442,439,371,324,309,288,455,373,358
scenarioPRJP1.node[16].app,418,491,487,538,489,409,417,569,545,472,456,432,543,545,435,447,437,490,473,494,548,579,459,471,504,491,391,544,539,456,520,550,462,372,495,500,490,536,527,449,447,415,524,481,490,427,503,487,437,506
scenarioPRJP1.node[4].app,577,490,556,552,568,602,550,652,576,641,600,548,514,594,557,585,566,568,680,606,562,534,507,505,593,542,575,608,537,602,525,536,535,572,523,551,665,605,634,561,528,531,561,529,494,588,554,633,609,522
scenarioPRJP1.node[5].app,593,661,602,487,625,523,608,507,611,535,645,627,475,560,548,582,579,531,474,572,494,520,540,636,513,583,534,493,615,532,548,605,566,501,570,592,544,526,521,447,585,614,607,521,553,547,558,522,535,611
scenarioPRJP1.node[22].app,471,543,496,454,582,561,399,398,561,538,535,545,561,566,552,567,406,469,498,401,502,450,511,442,527,573,588,554,458,483,606,542,416,475,451,328,539,453,355,561,427,593,537,369,483,381,536,503,596,426
scenarioPRJP1.node[6].app,456,452,419,484,440,429,409,387,461,433,448,425,441,386,405,446,425,402,450,471,400,374,384,464,349,426,467,415,463,461,472,412,505,431,439,425,381,402,408,390,401,427,459,466,432,480,480,454,466,480
scenarioPRJP1.node[17].app,436,589,497,486,547,457,574,470,458,527,522,463,455,481,489,514,463,454,378,470,480,435,421,520,460,450,474,485,401,500,491,540,463,463,485,444,494,408,391,505,528,401,450,428,379,476,456,485,538,396
scenarioPRJP1.node[7].app,399,537,483,453,524,506,497,450,465,425,484,469,444,453,454,460,458,515,495,421,455,461,388,488,518,479,494,476,419,444,446,567,532,380,472,519,509,491,468,482,528,467,412,434,458,482,464,468,430,490
scenarioPRJP1.node[18].app,438,450,436,479,445,415,522,465,437,416,493,403,397,399,392,429,585,427,500,577,454,519,438,388,459,454,420,397,439,438,390,468,455,501,531,416,549,488,469,499,462,502,388,428,403,427,374,445,428,494
scenarioPRJP1.node[8].app,449,604,486,503,478,491,544,418,479,516,483,565,512,460,511,544,465,449,545,484,460,435,482,447,444,504,519,448,561,444,573,486,418,502,480,459,429,469,486,496,591,559,445,460,568,468,521,500,513,590
scenarioPRJP1.node[19].app,428,406,585,437,473,538,526,440,453,528,504,464,418,471,406,452,461,504,435,563,413,502,455,525,572,481,551,444,635,581,491,509,559,547,581,582,449,521,458,463,482,415,398,500,537,416,454,446,455,519
scenarioPRJP1.node[9].app,450,482,509,511,513,490,564,532,471,472,441,449,515,508,415,437,498,435,520,586,454,504,465,501,472,428,493,536,373,515,452,502,501,455,503,450,456,445,537,429,416,476,536,481,488,470,500,492,450,514
scenarioPRJP1.node[23].app,607,407,468,460,547,503,482,447,458,473,391,483,448,380,402,397,364,383,541,389,386,404,380,495,520,411,436,441,483,466,435,469,445,410,419,416,670,440,586,458,368,474,452,394,462,500,430,545,404,475
scenarioPRJP1.node[10].app,552,536,466,493,488,534,524,542,545,465,492,529,444,559,434,526,543,462,484,514,432,454,481,513,461,519,489,500,531,538,516,494,501,455,527,498,500,494,452,424,388,480,539,504,392,530,521,518,532,453
scenarioPRJP1.node[24].app,576,422,579,580,564,614,448,638,480,426,521,504,508,572,502,469,443,534,590,467,379,406,400,461,572,431,498,533,417,580,487,481,586,531,423,407,548,388,473,400,327,483,437,400,372,614,333,553,465,439
scenarioPRJP1.node[11].app,599,472,499,502,497,490,508,534,480,487,574,486,573,536,483,452,508,515,522,487,448,553,602,600,468,456,514,535,537,598,455,434,476,525,511,545,540,459,567,483,529,499,488,600,500,512,508,462,522,583
scenarioPRJP1.node[20].app,561,578,558,526,508,551,441,497,646,457,535,560,558,670,566,620,560,529,633,497,625,557,566,524,450,597,510,591,533,509,633,608,523,455,529,500,605,562,544,400,571,529,521,541,494,560,595,644,402,417
scenarioPRJP1.node[12].app,441,480,442,389,413,432,454,421,433,433,465,547,448,440,423,433,398,432,427,454,419,479,450,418,443,448,424,401,446,437,486,438,453,516,451,466,448,418,392,439,544,486,465,382,455,439,502,401,412,525
scenarioPRJP1.node[21].app,480,527,439,531,396,464,352,516,648,556,509,605,548,565,496,643,464,585,495,532,478,409,542,412,369,597,431,520,599,485,563,632,457,505,567,543,448,518,413,558,517,587,556,492,546,546,583,560,573,481
