Module,/veins_fg/examples/Examples_Veins_fg/Prj_Part1_propag/DYMO/results/DYMOUM-FS-25-0.sca_DYMOUM-FS-25-0-20150609-21:54:01-5601_rcvdPk:count,/veins_fg/examples/Examples_Veins_fg/Prj_Part1_propag/DYMO/results/DYMOUM-FS-25-1.sca_DYMOUM-FS-25-1-20150609-21:54:01-5599_rcvdPk:count,/veins_fg/examples/Examples_Veins_fg/Prj_Part1_propag/DYMO/results/DYMOUM-FS-25-2.sca_DYMOUM-FS-25-2-20150609-21:54:01-5600_rcvdPk:count,/veins_fg/examples/Examples_Veins_fg/Prj_Part1_propag/DYMO/results/DYMOUM-FS-25-3.sca_DYMOUM-FS-25-3-20150609-21:54:01-5602_rcvdPk:count,/veins_fg/examples/Examples_Veins_fg/Prj_Part1_propag/DYMO/results/DYMOUM-FS-25-4.sca_DYMOUM-FS-25-4-20150609-22:12:21-5812_rcvdPk:count,/veins_fg/examples/Examples_Veins_fg/Prj_Part1_propag/DYMO/results/DYMOUM-FS-25-5.sca_DYMOUM-FS-25-5-20150609-22:12:33-5822_rcvdPk:count,/veins_fg/examples/Examples_Veins_fg/Prj_Part1_propag/DYMO/results/DYMOUM-FS-25-6.sca_DYMOUM-FS-25-6-20150609-22:13:43-5839_rcvdPk:count,/veins_fg/examples/Examples_Veins_fg/Prj_Part1_propag/DYMO/results/DYMOUM-FS-25-7.sca_DYMOUM-FS-25-7-20150609-22:13:47-5849_rcvdPk:count,/veins_fg/examples/Examples_Veins_fg/Prj_Part1_propag/DYMO/results/DYMOUM-FS-25-8.sca_DYMOUM-FS-25-8-20150609-22:34:21-5994_rcvdPk:count,/veins_fg/examples/Examples_Veins_fg/Prj_Part1_propag/DYMO/results/DYMOUM-FS-25-9.sca_DYMOUM-FS-25-9-20150609-22:34:25-6005_rcvdPk:count,/veins_fg/examples/Examples_Veins_fg/Prj_Part1_propag/DYMO/results/DYMOUM-FS-25-10.sca_DYMOUM-FS-25-10-20150609-22:36:06-6022_rcvdPk:count,/veins_fg/examples/Examples_Veins_fg/Prj_Part1_propag/DYMO/results/DYMOUM-FS-25-11.sca_DYMOUM-FS-25-11-20150609-22:36:34-6035_rcvdPk:count,/veins_fg/examples/Examples_Veins_fg/Prj_Part1_propag/DYMO/results/DYMOUM-FS-25-12.sca_DYMOUM-FS-25-12-20150609-22:55:07-6266_rcvdPk:count,/veins_fg/examples/Examples_Veins_fg/Prj_Part1_propag/DYMO/results/DYMOUM-FS-25-13.sca_DYMOUM-FS-25-13-20150609-22:55:18-6284_rcvdPk:count,/veins_fg/examples/Examples_Veins_fg/Prj_Part1_propag/DYMO/results/DYMOUM-FS-25-14.sca_DYMOUM-FS-25-14-20150609-22:56:06-6299_rcvdPk:count,/veins_fg/examples/Examples_Veins_fg/Prj_Part1_propag/DYMO/results/DYMOUM-FS-25-15.sca_DYMOUM-FS-25-15-20150609-22:56:47-6312_rcvdPk:count,/veins_fg/examples/Examples_Veins_fg/Prj_Part1_propag/DYMO/results/DYMOUM-FS-25-16.sca_DYMOUM-FS-25-16-20150609-23:16:33-6438_rcvdPk:count,/veins_fg/examples/Examples_Veins_fg/Prj_Part1_propag/DYMO/results/DYMOUM-FS-25-17.sca_DYMOUM-FS-25-17-20150609-23:17:53-6456_rcvdPk:count,/veins_fg/examples/Examples_Veins_fg/Prj_Part1_propag/DYMO/results/DYMOUM-FS-25-18.sca_DYMOUM-FS-25-18-20150609-23:18:33-6468_rcvdPk:count,/veins_fg/examples/Examples_Veins_fg/Prj_Part1_propag/DYMO/results/DYMOUM-FS-25-19.sca_DYMOUM-FS-25-19-20150609-23:19:14-6486_rcvdPk:count,/veins_fg/examples/Examples_Veins_fg/Prj_Part1_propag/DYMO/results/DYMOUM-FS-25-20.sca_DYMOUM-FS-25-20-20150609-23:37:09-6593_rcvdPk:count,/veins_fg/examples/Examples_Veins_fg/Prj_Part1_propag/DYMO/results/DYMOUM-FS-25-21.sca_DYMOUM-FS-25-21-20150609-23:40:38-6621_rcvdPk:count,/veins_fg/examples/Examples_Veins_fg/Prj_Part1_propag/DYMO/results/DYMOUM-FS-25-22.sca_DYMOUM-FS-25-22-20150609-23:40:39-6631_rcvdPk:count,/veins_fg/examples/Examples_Veins_fg/Prj_Part1_propag/DYMO/results/DYMOUM-FS-25-23.sca_DYMOUM-FS-25-23-20150609-23:41:58-6652_rcvdPk:count,/veins_fg/examples/Examples_Veins_fg/Prj_Part1_propag/DYMO/results/DYMOUM-FS-25-24.sca_DYMOUM-FS-25-24-20150609-23:57:10-6743_rcvdPk:count,/veins_fg/examples/Examples_Veins_fg/Prj_Part1_propag/DYMO/results/DYMOUM-FS-25-25.sca_DYMOUM-FS-25-25-20150610-00:01:33-6789_rcvdPk:count,/veins_fg/examples/Examples_Veins_fg/Prj_Part1_propag/DYMO/results/DYMOUM-FS-25-26.sca_DYMOUM-FS-25-26-20150610-00:01:54-6801_rcvdPk:count,/veins_fg/examples/Examples_Veins_fg/Prj_Part1_propag/DYMO/results/DYMOUM-FS-25-27.sca_DYMOUM-FS-25-27-20150610-00:03:14-6816_rcvdPk:count,/veins_fg/examples/Examples_Veins_fg/Prj_Part1_propag/DYMO/results/DYMOUM-FS-25-28.sca_DYMOUM-FS-25-28-20150610-00:17:42-6902_rcvdPk:count,/veins_fg/examples/Examples_Veins_fg/Prj_Part1_propag/DYMO/results/DYMOUM-FS-25-29.sca_DYMOUM-FS-25-29-20150610-00:24:18-6952_rcvdPk:count,/veins_fg/examples/Examples_Veins_fg/Prj_Part1_propag/DYMO/results/DYMOUM-FS-25-30.sca_DYMOUM-FS-25-30-20150610-00:25:36-6966_rcvdPk:count,/veins_fg/examples/Examples_Veins_fg/Prj_Part1_propag/DYMO/results/DYMOUM-FS-25-31.sca_DYMOUM-FS-25-31-20150610-00:25:41-6978_rcvdPk:count,/veins_fg/examples/Examples_Veins_fg/Prj_Part1_propag/DYMO/results/DYMOUM-FS-25-32.sca_DYMOUM-FS-25-32-20150610-00:39:42-7074_rcvdPk:count,/veins_fg/examples/Examples_Veins_fg/Prj_Part1_propag/DYMO/results/DYMOUM-FS-25-33.sca_DYMOUM-FS-25-33-20150610-00:46:10-7177_rcvdPk:count,/veins_fg/examples/Examples_Veins_fg/Prj_Part1_propag/DYMO/results/DYMOUM-FS-25-34.sca_DYMOUM-FS-25-34-20150610-00:47:07-7195_rcvdPk:count,/veins_fg/examples/Examples_Veins_fg/Prj_Part1_propag/DYMO/results/DYMOUM-FS-25-35.sca_DYMOUM-FS-25-35-20150610-00:47:55-7215_rcvdPk:count,/veins_fg/examples/Examples_Veins_fg/Prj_Part1_propag/DYMO/results/DYMOUM-FS-25-36.sca_DYMOUM-FS-25-36-20150610-00:59:33-7340_rcvdPk:count,/veins_fg/examples/Examples_Veins_fg/Prj_Part1_propag/DYMO/results/DYMOUM-FS-25-37.sca_DYMOUM-FS-25-37-20150610-01:04:18-7377_rcvdPk:count,/veins_fg/examples/Examples_Veins_fg/Prj_Part1_propag/DYMO/results/DYMOUM-FS-25-38.sca_DYMOUM-FS-25-38-20150610-01:05:32-7426_rcvdPk:count,/veins_fg/examples/Examples_Veins_fg/Prj_Part1_propag/DYMO/results/DYMOUM-FS-25-39.sca_DYMOUM-FS-25-39-20150610-01:05:56-7439_rcvdPk:count,/veins_fg/examples/Examples_Veins_fg/Prj_Part1_propag/DYMO/results/DYMOUM-FS-25-40.sca_DYMOUM-FS-25-40-20150610-01:19:28-7601_rcvdPk:count,/veins_fg/examples/Examples_Veins_fg/Prj_Part1_propag/DYMO/results/DYMOUM-FS-25-41.sca_DYMOUM-FS-25-41-20150610-01:24:25-7666_rcvdPk:count,/veins_fg/examples/Examples_Veins_fg/Prj_Part1_propag/DYMO/results/DYMOUM-FS-25-42.sca_DYMOUM-FS-25-42-20150610-01:25:05-7681_rcvdPk:count,/veins_fg/examples/Examples_Veins_fg/Prj_Part1_propag/DYMO/results/DYMOUM-FS-25-43.sca_DYMOUM-FS-25-43-20150610-01:25:55-7698_rcvdPk:count,/veins_fg/examples/Examples_Veins_fg/Prj_Part1_propag/DYMO/results/DYMOUM-FS-25-44.sca_DYMOUM-FS-25-44-20150610-01:38:21-7916_rcvdPk:count,/veins_fg/examples/Examples_Veins_fg/Prj_Part1_propag/DYMO/results/DYMOUM-FS-25-45.sca_DYMOUM-FS-25-45-20150610-01:44:56-7991_rcvdPk:count,/veins_fg/examples/Examples_Veins_fg/Prj_Part1_propag/DYMO/results/DYMOUM-FS-25-46.sca_DYMOUM-FS-25-46-20150610-01:45:03-8002_rcvdPk:count,/veins_fg/examples/Examples_Veins_fg/Prj_Part1_propag/DYMO/results/DYMOUM-FS-25-47.sca_DYMOUM-FS-25-47-20150610-01:45:25-8015_rcvdPk:count,/veins_fg/examples/Examples_Veins_fg/Prj_Part1_propag/DYMO/results/DYMOUM-FS-25-48.sca_DYMOUM-FS-25-48-20150610-01:56:40-8168_rcvdPk:count,/veins_fg/examples/Examples_Veins_fg/Prj_Part1_propag/DYMO/results/DYMOUM-FS-25-49.sca_DYMOUM-FS-25-49-20150610-02:06:11-8255_rcvdPk:count
scenarioPRJP1.node[13].app,1104,1046,1126,1297,965,1067,1036,1170,1142,1248,1263,1079,1071,1085,898,963,1156,1153,1026,1075,933,978,1117,1020,918,1161,1099,1046,1272,1175,1016,1044,1092,1080,1051,1051,1045,931,1121,1238,1221,1182,1018,1059,951,1020,1168,1061,1273,880
scenarioPRJP1.node[6].app,914,862,898,1050,894,809,863,883,872,1044,875,911,843,815,924,975,912,949,938,999,854,791,809,953,799,878,1036,915,952,958,981,933,926,852,994,900,744,923,917,946,901,913,947,976,918,930,1014,961,992,903
scenarioPRJP1.node[0].app,1093,923,1089,1055,1005,929,966,956,942,1161,1022,970,1062,1197,1096,956,918,1084,1090,909,1045,968,975,962,946,1076,934,1145,1126,1117,1078,1006,990,1070,1024,982,1050,1189,961,850,1002,1039,869,1014,842,946,968,1019,980,961
scenarioPRJP1.node[1].app,1248,1243,1168,1097,1186,1007,1121,1229,1273,1287,1232,1162,1140,1237,1212,1342,1218,1120,1142,1276,1080,1215,1209,1128,1202,1253,1241,1140,1243,1298,1212,1193,1258,1253,1233,1214,1221,1308,1193,1285,1099,1235,1222,1052,1191,1303,1353,1167,1321,1199
scenarioPRJP1.node[14].app,939,949,837,818,848,1054,1022,850,1127,1206,1032,1035,960,942,985,995,1211,917,857,987,881,1039,889,830,896,1101,1062,1161,997,1127,959,1031,1171,872,965,966,940,944,940,976,988,984,1270,1102,953,1161,1056,1260,1003,1098
scenarioPRJP1.node[2].app,1089,1262,1249,1219,1118,1134,1115,1275,1279,1235,1336,1293,1028,1154,1139,1366,1190,1161,1210,1246,1169,1089,1183,1213,1180,1151,1315,1198,1328,1139,1202,1231,1287,1137,1229,1086,1169,1160,1127,1339,1093,1165,1105,1166,1244,1357,1096,1113,1283,1200
scenarioPRJP1.node[15].app,840,1031,1035,1187,1043,1000,1041,1123,1276,842,1169,1051,1142,1001,875,1039,881,1117,996,1275,1028,1145,1080,1056,1097,981,1231,1132,1294,1316,1008,1050,1221,1164,1143,1084,945,1033,962,853,1084,890,1073,1289,1100,965,1279,1056,905,1161
scenarioPRJP1.node[3].app,861,819,1002,1060,1094,787,1189,1051,848,1088,889,888,919,914,884,858,858,1016,859,888,995,837,765,1009,948,811,949,1044,1082,1048,1090,1065,863,887,981,828,750,1009,879,878,828,939,1019,890,731,695,698,1004,832,879
scenarioPRJP1.node[16].app,989,1153,1075,1312,1115,799,1006,1268,1287,1146,1120,1028,1082,1272,1034,1086,1000,1123,1187,1220,1163,1172,1041,1045,1091,1147,897,1216,1080,992,1182,1339,983,831,1103,1204,1191,1171,1186,1125,1114,1006,1238,943,934,942,1218,1145,1011,970
scenarioPRJP1.node[4].app,1154,1043,1163,1183,1242,1270,1165,1349,1225,1344,1214,1111,1075,1191,1222,1277,1155,1146,1435,1254,1250,1202,1076,1146,1193,1251,1158,1350,1186,1367,1166,1156,1151,1205,1140,1096,1359,1271,1274,1099,1106,1190,1248,1105,980,1318,1248,1320,1273,1188
scenarioPRJP1.node[5].app,1195,1312,1148,1111,1178,1093,1184,1069,1207,1207,1228,1228,1072,1073,1086,1137,1145,1127,1089,1269,1121,1053,1107,1209,1127,1340,1168,1076,1190,1181,1078,1241,1253,1042,1116,1165,1039,1200,1143,1011,1081,1188,1215,1154,1148,1182,1171,1120,1153,1143
scenarioPRJP1.node[17].app,954,1114,974,1076,984,942,1256,1109,1022,1205,1119,1029,945,1030,1229,1058,954,989,818,1007,930,880,817,996,1014,1009,1130,1073,994,1071,1105,1112,1002,979,958,1032,1023,923,846,1267,1013,921,958,959,960,1035,979,1051,1248,956
scenarioPRJP1.node[24].app,1248,912,1227,1413,1050,1232,1054,1418,1053,891,1133,1082,1136,1269,1228,1030,974,1290,1197,1037,782,875,952,1051,1113,1037,1253,1089,1082,1301,987,965,1285,1258,1081,991,1177,885,1011,985,970,1024,1017,989,949,1337,810,1113,1098,1083
scenarioPRJP1.node[7].app,999,1188,1023,979,1066,1050,1030,983,995,1022,1044,1076,1001,1008,1001,1050,1021,1156,1037,1054,985,1026,891,1003,1056,1122,1032,1079,951,1040,987,1144,1129,999,984,1139,1079,1025,1057,1012,1064,997,910,944,889,1093,1079,1025,1033,1053
scenarioPRJP1.node[18].app,1013,923,922,1156,1025,839,1134,1109,943,964,1028,956,968,947,878,970,1277,989,1028,1144,960,1161,972,865,1017,1076,972,966,905,928,926,1003,966,1125,1044,866,1095,1058,955,1037,1052,1087,954,993,803,1054,934,1060,955,1184
scenarioPRJP1.node[8].app,1116,1157,1035,1139,1065,1008,1135,1021,971,1093,1035,1108,1052,1030,1069,1137,1052,1059,1206,1019,978,937,931,949,922,1106,1063,983,1055,927,1089,1073,967,1000,1025,936,1028,965,1088,980,1065,1034,945,1078,1113,1093,1017,1153,1135,1140
scenarioPRJP1.node[19].app,984,899,1264,962,1004,1248,1063,898,870,1186,1151,1069,900,1052,992,950,1121,1159,986,1296,931,1203,1093,1099,1206,1099,1203,1017,1350,1301,1029,1047,1295,1162,1226,1194,920,1133,1002,1001,943,955,807,1104,1134,893,1019,905,1061,1249
scenarioPRJP1.node[9].app,1036,1080,981,1126,1098,988,1208,1128,1003,1063,939,1005,1069,1105,908,969,1028,1065,1104,1246,944,1000,1040,1053,991,1014,1044,1187,879,1074,962,1104,1073,997,989,999,956,999,1126,982,924,973,1142,998,940,1029,1076,1096,1022,1142
scenarioPRJP1.node[20].app,1195,1253,1158,1113,991,1031,964,1156,1288,1146,1048,1196,1215,1263,1193,1281,1080,1141,1371,1198,1280,1179,1208,1071,998,1346,1243,1208,1141,1116,1313,1282,1187,1086,1096,995,1231,1280,1272,896,1085,1128,1217,1196,999,1273,1340,1252,838,925
scenarioPRJP1.node[10].app,1057,1120,1013,1109,1120,1064,1084,1039,1168,1098,1116,1114,1018,1151,1061,1096,1173,1098,1092,1178,959,1058,1024,1072,972,1148,1020,1096,1085,1169,1060,1048,1093,1004,1096,1077,1023,1110,1023,1035,971,1049,1192,1064,981,1163,1191,1115,1121,1057
scenarioPRJP1.node[21].app,1183,1145,975,1138,927,1043,775,1101,1355,1388,1161,1274,1233,1215,1203,1375,1072,1125,1100,1147,1099,938,1283,940,864,1286,959,1163,1173,1067,1177,1371,1169,1005,1110,1103,1070,1156,1023,1303,1091,1307,1211,1042,1199,1204,1259,1099,1257,1025
scenarioPRJP1.node[11].app,1309,1048,1107,1152,1038,1175,1134,1214,1156,1179,1205,1174,1081,1076,1094,1059,1102,1192,1206,1136,1029,1093,1228,1167,1032,1151,1232,1206,1189,1269,1135,1032,1100,1120,1211,1129,1138,1085,1228,1078,1102,1121,1122,1264,1105,1117,1174,1094,1215,1277
scenarioPRJP1.node[22].app,1005,1149,1004,1012,1221,1087,1034,916,1202,1132,1072,1206,1121,1135,1134,1194,1119,1038,1058,955,1044,927,1203,1000,1036,1233,1234,1155,1003,951,1215,1165,940,1096,987,869,1076,1052,936,1174,945,1226,1193,812,984,964,1190,1138,1313,1120
scenarioPRJP1.node[12].app,949,985,953,900,1001,855,1011,928,930,1019,985,1101,971,956,989,934,864,894,969,931,862,972,968,860,971,992,928,955,1023,1021,990,1005,1001,1084,916,905,981,990,789,910,1081,1002,1030,860,938,978,1009,925,967,1119
scenarioPRJP1.node[23].app,1287,921,1048,985,1125,1120,1163,1006,1096,1134,955,1019,942,966,940,970,837,832,1046,864,888,970,871,1086,1081,1079,865,1049,1000,1211,987,1033,994,999,890,875,1285,1049,1210,1044,788,1133,1052,837,996,1047,1055,1207,863,1009
