Module,/veins_fg/examples/Examples_Veins_fg/Prj_Part1_propag/DSR/results/DSRUU-FS-25-0.sca_DSRUU-FS-25-0-20150609-10:22:17-12582_rcvdPk:count,/veins_fg/examples/Examples_Veins_fg/Prj_Part1_propag/DSR/results/DSRUU-FS-25-1.sca_DSRUU-FS-25-1-20150609-10:22:17-12583_rcvdPk:count,/veins_fg/examples/Examples_Veins_fg/Prj_Part1_propag/DSR/results/DSRUU-FS-25-2.sca_DSRUU-FS-25-2-20150609-10:22:17-12585_rcvdPk:count,/veins_fg/examples/Examples_Veins_fg/Prj_Part1_propag/DSR/results/DSRUU-FS-25-3.sca_DSRUU-FS-25-3-20150609-10:22:17-12598_rcvdPk:count,/veins_fg/examples/Examples_Veins_fg/Prj_Part1_propag/DSR/results/DSRUU-FS-25-4.sca_DSRUU-FS-25-4-20150609-11:35:21-13850_rcvdPk:count,/veins_fg/examples/Examples_Veins_fg/Prj_Part1_propag/DSR/results/DSRUU-FS-25-5.sca_DSRUU-FS-25-5-20150609-11:36:18-13866_rcvdPk:count,/veins_fg/examples/Examples_Veins_fg/Prj_Part1_propag/DSR/results/DSRUU-FS-25-6.sca_DSRUU-FS-25-6-20150609-11:36:51-13895_rcvdPk:count,/veins_fg/examples/Examples_Veins_fg/Prj_Part1_propag/DSR/results/DSRUU-FS-25-7.sca_DSRUU-FS-25-7-20150609-11:38:06-13924_rcvdPk:count,/veins_fg/examples/Examples_Veins_fg/Prj_Part1_propag/DSR/results/DSRUU-FS-25-8.sca_DSRUU-FS-25-8-20150609-12:18:19-14477_rcvdPk:count,/veins_fg/examples/Examples_Veins_fg/Prj_Part1_propag/DSR/results/DSRUU-FS-25-9.sca_DSRUU-FS-25-9-20150609-12:20:32-14540_rcvdPk:count,/veins_fg/examples/Examples_Veins_fg/Prj_Part1_propag/DSR/results/DSRUU-FS-25-10.sca_DSRUU-FS-25-10-20150609-12:22:20-14567_rcvdPk:count,/veins_fg/examples/Examples_Veins_fg/Prj_Part1_propag/DSR/results/DSRUU-FS-25-11.sca_DSRUU-FS-25-11-20150609-12:22:41-14581_rcvdPk:count,/veins_fg/examples/Examples_Veins_fg/Prj_Part1_propag/DSR/results/DSRUU-FS-25-12.sca_DSRUU-FS-25-12-20150609-13:02:58-15186_rcvdPk:count,/veins_fg/examples/Examples_Veins_fg/Prj_Part1_propag/DSR/results/DSRUU-FS-25-13.sca_DSRUU-FS-25-13-20150609-13:04:34-15247_rcvdPk:count,/veins_fg/examples/Examples_Veins_fg/Prj_Part1_propag/DSR/results/DSRUU-FS-25-14.sca_DSRUU-FS-25-14-20150609-13:04:41-15258_rcvdPk:count,/veins_fg/examples/Examples_Veins_fg/Prj_Part1_propag/DSR/results/DSRUU-FS-25-15.sca_DSRUU-FS-25-15-20150609-13:05:42-15299_rcvdPk:count,/veins_fg/examples/Examples_Veins_fg/Prj_Part1_propag/DSR/results/DSRUU-FS-25-16.sca_DSRUU-FS-25-16-20150609-13:40:02-16506_rcvdPk:count,/veins_fg/examples/Examples_Veins_fg/Prj_Part1_propag/DSR/results/DSRUU-FS-25-17.sca_DSRUU-FS-25-17-20150609-13:41:42-16591_rcvdPk:count,/veins_fg/examples/Examples_Veins_fg/Prj_Part1_propag/DSR/results/DSRUU-FS-25-18.sca_DSRUU-FS-25-18-20150609-13:42:29-16647_rcvdPk:count,/veins_fg/examples/Examples_Veins_fg/Prj_Part1_propag/DSR/results/DSRUU-FS-25-19.sca_DSRUU-FS-25-19-20150609-13:44:18-16762_rcvdPk:count,/veins_fg/examples/Examples_Veins_fg/Prj_Part1_propag/DSR/results/DSRUU-FS-25-20.sca_DSRUU-FS-25-20-20150609-14:12:09-18050_rcvdPk:count,/veins_fg/examples/Examples_Veins_fg/Prj_Part1_propag/DSR/results/DSRUU-FS-25-21.sca_DSRUU-FS-25-21-20150609-14:17:29-18156_rcvdPk:count,/veins_fg/examples/Examples_Veins_fg/Prj_Part1_propag/DSR/results/DSRUU-FS-25-22.sca_DSRUU-FS-25-22-20150609-14:17:41-18169_rcvdPk:count,/veins_fg/examples/Examples_Veins_fg/Prj_Part1_propag/DSR/results/DSRUU-FS-25-23.sca_DSRUU-FS-25-23-20150609-14:22:39-18264_rcvdPk:count,/veins_fg/examples/Examples_Veins_fg/Prj_Part1_propag/DSR/results/DSRUU-FS-25-24.sca_DSRUU-FS-25-24-20150609-14:54:29-18833_rcvdPk:count,/veins_fg/examples/Examples_Veins_fg/Prj_Part1_propag/DSR/results/DSRUU-FS-25-25.sca_DSRUU-FS-25-25-20150609-15:01:43-18960_rcvdPk:count,/veins_fg/examples/Examples_Veins_fg/Prj_Part1_propag/DSR/results/DSRUU-FS-25-26.sca_DSRUU-FS-25-26-20150609-15:02:39-18983_rcvdPk:count,/veins_fg/examples/Examples_Veins_fg/Prj_Part1_propag/DSR/results/DSRUU-FS-25-27.sca_DSRUU-FS-25-27-20150609-15:07:06-19082_rcvdPk:count,/veins_fg/examples/Examples_Veins_fg/Prj_Part1_propag/DSR/results/DSRUU-FS-25-28.sca_DSRUU-FS-25-28-20150609-15:39:49-19685_rcvdPk:count,/veins_fg/examples/Examples_Veins_fg/Prj_Part1_propag/DSR/results/DSRUU-FS-25-29.sca_DSRUU-FS-25-29-20150609-15:49:01-19982_rcvdPk:count,/veins_fg/examples/Examples_Veins_fg/Prj_Part1_propag/DSR/results/DSRUU-FS-25-30.sca_DSRUU-FS-25-30-20150609-15:50:06-20062_rcvdPk:count,/veins_fg/examples/Examples_Veins_fg/Prj_Part1_propag/DSR/results/DSRUU-FS-25-31.sca_DSRUU-FS-25-31-20150609-15:52:05-20165_rcvdPk:count,/veins_fg/examples/Examples_Veins_fg/Prj_Part1_propag/DSR/results/DSRUU-FS-25-32.sca_DSRUU-FS-25-32-20150609-16:14:17-21045_rcvdPk:count,/veins_fg/examples/Examples_Veins_fg/Prj_Part1_propag/DSR/results/DSRUU-FS-25-33.sca_DSRUU-FS-25-33-20150609-16:20:02-21270_rcvdPk:count,/veins_fg/examples/Examples_Veins_fg/Prj_Part1_propag/DSR/results/DSRUU-FS-25-34.sca_DSRUU-FS-25-34-20150609-16:20:54-21310_rcvdPk:count,/veins_fg/examples/Examples_Veins_fg/Prj_Part1_propag/DSR/results/DSRUU-FS-25-35.sca_DSRUU-FS-25-35-20150609-16:24:02-21386_rcvdPk:count,/veins_fg/examples/Examples_Veins_fg/Prj_Part1_propag/DSR/results/DSRUU-FS-25-36.sca_DSRUU-FS-25-36-20150609-16:45:20-22121_rcvdPk:count,/veins_fg/examples/Examples_Veins_fg/Prj_Part1_propag/DSR/results/DSRUU-FS-25-37.sca_DSRUU-FS-25-37-20150609-16:49:00-22208_rcvdPk:count,/veins_fg/examples/Examples_Veins_fg/Prj_Part1_propag/DSR/results/DSRUU-FS-25-38.sca_DSRUU-FS-25-38-20150609-16:50:53-22244_rcvdPk:count,/veins_fg/examples/Examples_Veins_fg/Prj_Part1_propag/DSR/results/DSRUU-FS-25-39.sca_DSRUU-FS-25-39-20150609-16:53:31-22326_rcvdPk:count,/veins_fg/examples/Examples_Veins_fg/Prj_Part1_propag/DSR/results/DSRUU-FS-25-40.sca_DSRUU-FS-25-40-20150609-17:15:32-22778_rcvdPk:count,/veins_fg/examples/Examples_Veins_fg/Prj_Part1_propag/DSR/results/DSRUU-FS-25-41.sca_DSRUU-FS-25-41-20150609-17:20:05-22890_rcvdPk:count,/veins_fg/examples/Examples_Veins_fg/Prj_Part1_propag/DSR/results/DSRUU-FS-25-42.sca_DSRUU-FS-25-42-20150609-17:21:28-22929_rcvdPk:count,/veins_fg/examples/Examples_Veins_fg/Prj_Part1_propag/DSR/results/DSRUU-FS-25-43.sca_DSRUU-FS-25-43-20150609-17:22:38-22957_rcvdPk:count,/veins_fg/examples/Examples_Veins_fg/Prj_Part1_propag/DSR/results/DSRUU-FS-25-44.sca_DSRUU-FS-25-44-20150609-17:42:19-23419_rcvdPk:count,/veins_fg/examples/Examples_Veins_fg/Prj_Part1_propag/DSR/results/DSRUU-FS-25-45.sca_DSRUU-FS-25-45-20150609-17:48:59-23682_rcvdPk:count,/veins_fg/examples/Examples_Veins_fg/Prj_Part1_propag/DSR/results/DSRUU-FS-25-46.sca_DSRUU-FS-25-46-20150609-17:50:16-23738_rcvdPk:count,/veins_fg/examples/Examples_Veins_fg/Prj_Part1_propag/DSR/results/DSRUU-FS-25-47.sca_DSRUU-FS-25-47-20150609-17:51:05-23760_rcvdPk:count,/veins_fg/examples/Examples_Veins_fg/Prj_Part1_propag/DSR/results/DSRUU-FS-25-48.sca_DSRUU-FS-25-48-20150609-18:08:10-24199_rcvdPk:count,/veins_fg/examples/Examples_Veins_fg/Prj_Part1_propag/DSR/results/DSRUU-FS-25-49.sca_DSRUU-FS-25-49-20150609-18:17:55-24425_rcvdPk:count
scenarioPRJP1.node[22].app,941,1029,946,889,1089,999,862,844,1088,1025,973,1033,1053,1041,1036,1039,936,1019,945,865,945,921,1097,975,978,1136,1129,1003,920,846,1045,993,892,997,897,796,1021,916,871,1075,898,1088,1031,768,950,867,1050,1030,1172,993
scenarioPRJP1.node[6].app,822,865,831,907,799,767,822,809,801,984,795,801,775,706,892,865,832,795,873,887,749,727,786,842,736,836,970,835,852,800,844,826,896,771,948,849,707,839,848,845,808,824,864,933,835,885,874,856,908,806
scenarioPRJP1.node[0].app,925,898,980,953,935,860,947,906,892,1045,917,928,950,1054,971,899,806,972,956,785,1034,925,895,890,853,965,842,1003,971,974,999,986,925,1025,969,855,1004,1046,901,793,875,987,847,938,796,821,883,927,900,894
scenarioPRJP1.node[1].app,1104,1081,1029,1016,1051,908,1023,1087,1121,1150,1110,1049,1003,1058,1102,1141,1000,1036,1003,1110,962,1066,1125,986,1014,1101,1115,987,1075,1117,1077,1069,1137,1143,1100,1097,1074,1110,1103,1191,1012,1118,1049,940,1109,1121,1146,1068,1137,1052
scenarioPRJP1.node[13].app,954,897,1008,1052,885,889,946,1015,976,1138,1160,986,892,993,855,847,1001,977,869,944,863,874,954,807,832,1048,1055,923,1129,962,893,906,914,978,999,908,860,897,1025,1094,1118,1077,918,925,939,837,1081,888,1137,863
scenarioPRJP1.node[2].app,971,1075,1093,1043,1012,1014,1073,1159,1099,1060,1172,1139,918,990,958,1131,997,1064,998,1089,1096,986,1053,1085,1117,1141,1133,1021,1145,978,1102,1039,1164,1044,1128,924,1070,943,987,1181,1017,1038,971,1043,1037,1126,990,952,1187,1004
scenarioPRJP1.node[14].app,825,906,802,819,812,961,1028,831,1045,1038,881,984,903,824,840,921,1032,890,880,889,883,948,900,830,894,969,883,1122,890,1002,890,983,958,861,945,879,915,853,839,810,984,913,1128,957,950,1102,873,1159,813,1015
scenarioPRJP1.node[3].app,827,761,909,957,1015,744,1140,928,772,995,823,801,845,836,825,759,815,876,773,790,976,786,711,893,887,772,859,958,875,917,953,927,796,891,919,816,699,916,856,819,779,887,908,838,729,674,688,915,815,778
scenarioPRJP1.node[15].app,777,923,1004,1045,987,891,960,964,1016,797,1037,1000,978,881,822,920,817,1000,915,1098,970,1017,982,902,952,916,1101,1013,1126,1113,906,1002,1105,1031,995,970,812,951,887,850,960,856,907,1098,1050,883,1160,964,904,1039
scenarioPRJP1.node[4].app,1062,959,1150,1113,1097,1116,1157,1248,1086,1217,1110,1005,982,1037,1108,1140,1081,1085,1273,1067,1135,1094,1024,996,1096,1146,1109,1222,1043,1157,1077,1126,1086,1119,1049,998,1234,1116,1134,992,1068,1033,1109,995,914,1181,1064,1217,1172,1059
scenarioPRJP1.node[5].app,1037,1163,1099,1053,1070,1010,1118,1015,1094,1045,1108,1093,941,962,1002,1031,1035,1048,996,1102,1035,908,1005,1127,1010,1201,1114,1022,1073,1028,1033,1054,1141,997,1036,1048,945,1140,1006,905,1048,1069,1110,998,1022,1106,1080,1011,999,1091
scenarioPRJP1.node[16].app,893,1021,996,1118,977,766,874,1106,1040,1083,970,892,1011,1072,965,995,931,909,1084,1036,1124,1076,932,944,962,1037,844,1036,1004,890,1035,1111,873,814,1034,1039,1060,1067,1065,1012,959,930,1029,892,868,907,1074,1061,933,884
scenarioPRJP1.node[23].app,1106,837,975,949,1037,1049,1034,930,926,994,891,956,924,835,872,858,811,806,968,794,838,864,828,993,1015,1042,824,943,945,1052,906,940,923,931,853,809,1145,985,1077,969,722,1054,983,825,931,1031,902,1059,813,963
scenarioPRJP1.node[7].app,994,1033,945,848,916,955,946,909,933,869,936,1054,877,914,831,963,932,988,934,974,918,904,849,937,976,985,985,909,863,907,955,1015,998,937,956,1041,1023,934,1009,914,972,946,865,831,863,1008,940,917,935,974
scenarioPRJP1.node[17].app,860,993,896,969,890,864,1193,1005,827,1029,992,912,882,880,1006,925,898,968,806,903,893,846,816,881,986,923,972,957,956,979,960,948,911,959,970,918,935,885,811,1078,951,884,866,904,869,981,935,957,1093,881
scenarioPRJP1.node[8].app,944,988,987,1101,949,924,1051,949,974,987,961,1064,990,935,1006,1032,943,902,1036,930,936,854,885,892,863,1000,984,918,956,858,1024,986,904,917,924,892,933,935,933,949,1004,1001,845,968,1043,996,956,1056,1010,1083
scenarioPRJP1.node[18].app,963,783,826,1031,960,779,1033,975,845,903,969,833,852,874,852,905,1149,848,971,993,902,1087,920,757,940,939,881,908,804,863,820,918,895,1052,986,726,1000,1009,899,961,945,978,816,858,788,892,831,956,877,1083
scenarioPRJP1.node[9].app,961,962,942,1045,992,884,1030,1048,949,990,856,902,971,1048,896,896,955,916,984,1043,920,965,977,971,941,928,969,1061,806,951,928,948,954,921,956,904,875,878,1036,856,848,925,991,959,883,915,954,931,908,1033
scenarioPRJP1.node[24].app,1109,830,1038,1214,971,1169,1040,1206,937,837,1030,953,1104,1097,1091,943,933,1126,1113,950,776,850,875,973,1021,951,1064,924,862,1139,927,863,1138,1094,1018,891,1067,870,963,959,795,981,931,925,856,1253,738,1025,970,961
scenarioPRJP1.node[10].app,977,990,922,964,979,962,977,956,981,926,991,1016,946,1012,923,977,1029,927,969,1030,866,893,949,930,938,990,992,959,941,1037,953,968,948,882,1005,930,900,1073,916,945,885,951,1013,983,847,1013,980,995,1000,985
scenarioPRJP1.node[19].app,888,845,1137,896,883,1078,992,820,821,1067,1056,946,818,998,935,902,1017,1033,889,1100,856,1057,967,1005,1086,980,1022,910,1150,1166,922,971,1165,1064,1122,1045,802,1043,909,952,863,867,754,953,1030,826,878,785,996,1107
scenarioPRJP1.node[11].app,1122,952,1029,1010,932,1016,986,1063,969,999,1074,1000,1022,987,982,942,949,1022,1005,1051,951,985,1130,1093,985,1038,1001,1091,1049,1149,942,881,969,1048,1079,1029,986,1003,1106,1018,967,967,1013,1167,949,1041,1044,984,1074,1116
scenarioPRJP1.node[20].app,1076,1076,1114,1067,930,960,917,1056,1134,1012,927,1061,1109,1106,1048,1140,1012,1032,1200,1082,1197,1042,1121,1012,976,1191,1092,1032,1070,1031,1179,1123,1049,992,1022,936,1141,1132,1067,835,1008,1013,1056,1072,974,1108,1135,1161,777,842
scenarioPRJP1.node[12].app,890,927,918,804,882,802,900,873,816,936,896,1029,909,841,920,851,807,849,836,868,823,938,855,756,924,872,803,803,919,920,925,900,922,937,882,848,889,873,788,845,978,937,901,821,855,897,903,812,876,997
scenarioPRJP1.node[21].app,1113,1090,932,1059,817,958,808,1003,1215,1199,1040,1189,1129,1116,1072,1237,962,1042,951,976,1061,871,1145,873,840,1164,911,1060,1043,962,1075,1218,1056,914,983,974,976,1036,906,1184,953,1176,1107,973,1065,1036,1167,1010,1146,952
