Module,/veins_fg/examples/Examples_Veins_fg/Prj_Part1_propag/AODV/results/AODVRouting-FS-25-0.sca_AODVRouting-FS-25-0-20150609-10:21:27-12487_rcvdPk:count,/veins_fg/examples/Examples_Veins_fg/Prj_Part1_propag/AODV/results/AODVRouting-FS-25-1.sca_AODVRouting-FS-25-1-20150609-10:21:27-12486_rcvdPk:count,/veins_fg/examples/Examples_Veins_fg/Prj_Part1_propag/AODV/results/AODVRouting-FS-25-2.sca_AODVRouting-FS-25-2-20150609-10:21:27-12489_rcvdPk:count,/veins_fg/examples/Examples_Veins_fg/Prj_Part1_propag/AODV/results/AODVRouting-FS-25-3.sca_AODVRouting-FS-25-3-20150609-10:21:27-12488_rcvdPk:count,/veins_fg/examples/Examples_Veins_fg/Prj_Part1_propag/AODV/results/AODVRouting-FS-25-4.sca_AODVRouting-FS-25-4-20150609-10:26:13-12680_rcvdPk:count,/veins_fg/examples/Examples_Veins_fg/Prj_Part1_propag/AODV/results/AODVRouting-FS-25-5.sca_AODVRouting-FS-25-5-20150609-10:26:15-12692_rcvdPk:count,/veins_fg/examples/Examples_Veins_fg/Prj_Part1_propag/AODV/results/AODVRouting-FS-25-6.sca_AODVRouting-FS-25-6-20150609-21:17:00-3673_rcvdPk:count,/veins_fg/examples/Examples_Veins_fg/Prj_Part1_propag/AODV/results/AODVRouting-FS-25-7.sca_AODVRouting-FS-25-7-20150609-10:26:47-12718_rcvdPk:count,/veins_fg/examples/Examples_Veins_fg/Prj_Part1_propag/AODV/results/AODVRouting-FS-25-8.sca_AODVRouting-FS-25-8-20150609-10:27:33-12737_rcvdPk:count,/veins_fg/examples/Examples_Veins_fg/Prj_Part1_propag/AODV/results/AODVRouting-FS-25-9.sca_AODVRouting-FS-25-9-20150609-10:31:56-12800_rcvdPk:count,/veins_fg/examples/Examples_Veins_fg/Prj_Part1_propag/AODV/results/AODVRouting-FS-25-10.sca_AODVRouting-FS-25-10-20150609-10:31:57-12805_rcvdPk:count,/veins_fg/examples/Examples_Veins_fg/Prj_Part1_propag/AODV/results/AODVRouting-FS-25-11.sca_AODVRouting-FS-25-11-20150609-10:32:38-12820_rcvdPk:count,/veins_fg/examples/Examples_Veins_fg/Prj_Part1_propag/AODV/results/AODVRouting-FS-25-12.sca_AODVRouting-FS-25-12-20150609-10:33:23-12842_rcvdPk:count,/veins_fg/examples/Examples_Veins_fg/Prj_Part1_propag/AODV/results/AODVRouting-FS-25-13.sca_AODVRouting-FS-25-13-20150609-10:38:07-12875_rcvdPk:count,/veins_fg/examples/Examples_Veins_fg/Prj_Part1_propag/AODV/results/AODVRouting-FS-25-14.sca_AODVRouting-FS-25-14-20150609-21:13:50-3600_rcvdPk:count,/veins_fg/examples/Examples_Veins_fg/Prj_Part1_propag/AODV/results/AODVRouting-FS-25-15.sca_AODVRouting-FS-25-15-20150609-10:38:40-12910_rcvdPk:count,/veins_fg/examples/Examples_Veins_fg/Prj_Part1_propag/AODV/results/AODVRouting-FS-25-16.sca_AODVRouting-FS-25-16-20150609-10:39:03-12921_rcvdPk:count,/veins_fg/examples/Examples_Veins_fg/Prj_Part1_propag/AODV/results/AODVRouting-FS-25-17.sca_AODVRouting-FS-25-17-20150609-10:39:39-12932_rcvdPk:count,/veins_fg/examples/Examples_Veins_fg/Prj_Part1_propag/AODV/results/AODVRouting-FS-25-18.sca_AODVRouting-FS-25-18-20150609-10:44:16-12986_rcvdPk:count,/veins_fg/examples/Examples_Veins_fg/Prj_Part1_propag/AODV/results/AODVRouting-FS-25-19.sca_AODVRouting-FS-25-19-20150609-10:44:32-12997_rcvdPk:count,/veins_fg/examples/Examples_Veins_fg/Prj_Part1_propag/AODV/results/AODVRouting-FS-25-20.sca_AODVRouting-FS-25-20-20150609-10:44:50-13012_rcvdPk:count,/veins_fg/examples/Examples_Veins_fg/Prj_Part1_propag/AODV/results/AODVRouting-FS-25-21.sca_AODVRouting-FS-25-21-20150609-10:45:41-13022_rcvdPk:count,/veins_fg/examples/Examples_Veins_fg/Prj_Part1_propag/AODV/results/AODVRouting-FS-25-22.sca_AODVRouting-FS-25-22-20150609-10:50:13-13069_rcvdPk:count,/veins_fg/examples/Examples_Veins_fg/Prj_Part1_propag/AODV/results/AODVRouting-FS-25-23.sca_AODVRouting-FS-25-23-20150609-10:50:36-13079_rcvdPk:count,/veins_fg/examples/Examples_Veins_fg/Prj_Part1_propag/AODV/results/AODVRouting-FS-25-24.sca_AODVRouting-FS-25-24-20150609-10:50:44-13090_rcvdPk:count,/veins_fg/examples/Examples_Veins_fg/Prj_Part1_propag/AODV/results/AODVRouting-FS-25-25.sca_AODVRouting-FS-25-25-20150609-10:51:32-13101_rcvdPk:count,/veins_fg/examples/Examples_Veins_fg/Prj_Part1_propag/AODV/results/AODVRouting-FS-25-26.sca_AODVRouting-FS-25-26-20150609-10:56:07-13157_rcvdPk:count,/veins_fg/examples/Examples_Veins_fg/Prj_Part1_propag/AODV/results/AODVRouting-FS-25-27.sca_AODVRouting-FS-25-27-20150609-21:13:50-3602_rcvdPk:count,/veins_fg/examples/Examples_Veins_fg/Prj_Part1_propag/AODV/results/AODVRouting-FS-25-28.sca_AODVRouting-FS-25-28-20150609-21:13:50-3603_rcvdPk:count,/veins_fg/examples/Examples_Veins_fg/Prj_Part1_propag/AODV/results/AODVRouting-FS-25-29.sca_AODVRouting-FS-25-29-20150609-10:57:24-13197_rcvdPk:count,/veins_fg/examples/Examples_Veins_fg/Prj_Part1_propag/AODV/results/AODVRouting-FS-25-30.sca_AODVRouting-FS-25-30-20150609-21:17:00-3668_rcvdPk:count,/veins_fg/examples/Examples_Veins_fg/Prj_Part1_propag/AODV/results/AODVRouting-FS-25-31.sca_AODVRouting-FS-25-31-20150609-21:17:00-3678_rcvdPk:count,/veins_fg/examples/Examples_Veins_fg/Prj_Part1_propag/AODV/results/AODVRouting-FS-25-32.sca_AODVRouting-FS-25-32-20150609-10:58:09-13232_rcvdPk:count,/veins_fg/examples/Examples_Veins_fg/Prj_Part1_propag/AODV/results/AODVRouting-FS-25-33.sca_AODVRouting-FS-25-33-20150609-10:59:57-13261_rcvdPk:count,/veins_fg/examples/Examples_Veins_fg/Prj_Part1_propag/AODV/results/AODVRouting-FS-25-34.sca_AODVRouting-FS-25-34-20150609-11:02:12-13299_rcvdPk:count,/veins_fg/examples/Examples_Veins_fg/Prj_Part1_propag/AODV/results/AODVRouting-FS-25-35.sca_AODVRouting-FS-25-35-20150609-11:03:32-13326_rcvdPk:count,/veins_fg/examples/Examples_Veins_fg/Prj_Part1_propag/AODV/results/AODVRouting-FS-25-36.sca_AODVRouting-FS-25-36-20150609-11:04:25-13343_rcvdPk:count,/veins_fg/examples/Examples_Veins_fg/Prj_Part1_propag/AODV/results/AODVRouting-FS-25-37.sca_AODVRouting-FS-25-37-20150609-11:05:55-13378_rcvdPk:count,/veins_fg/examples/Examples_Veins_fg/Prj_Part1_propag/AODV/results/AODVRouting-FS-25-38.sca_AODVRouting-FS-25-38-20150609-11:08:18-13415_rcvdPk:count,/veins_fg/examples/Examples_Veins_fg/Prj_Part1_propag/AODV/results/AODVRouting-FS-25-39.sca_AODVRouting-FS-25-39-20150609-11:09:28-13442_rcvdPk:count,/veins_fg/examples/Examples_Veins_fg/Prj_Part1_propag/AODV/results/AODVRouting-FS-25-40.sca_AODVRouting-FS-25-40-20150609-11:10:36-13457_rcvdPk:count,/veins_fg/examples/Examples_Veins_fg/Prj_Part1_propag/AODV/results/AODVRouting-FS-25-41.sca_AODVRouting-FS-25-41-20150609-11:12:02-13482_rcvdPk:count,/veins_fg/examples/Examples_Veins_fg/Prj_Part1_propag/AODV/results/AODVRouting-FS-25-42.sca_AODVRouting-FS-25-42-20150609-11:14:28-13521_rcvdPk:count,/veins_fg/examples/Examples_Veins_fg/Prj_Part1_propag/AODV/results/AODVRouting-FS-25-43.sca_AODVRouting-FS-25-43-20150609-11:15:19-13542_rcvdPk:count,/veins_fg/examples/Examples_Veins_fg/Prj_Part1_propag/AODV/results/AODVRouting-FS-25-44.sca_AODVRouting-FS-25-44-20150609-11:16:41-13560_rcvdPk:count,/veins_fg/examples/Examples_Veins_fg/Prj_Part1_propag/AODV/results/AODVRouting-FS-25-45.sca_AODVRouting-FS-25-45-20150609-11:18:24-13597_rcvdPk:count,/veins_fg/examples/Examples_Veins_fg/Prj_Part1_propag/AODV/results/AODVRouting-FS-25-46.sca_AODVRouting-FS-25-46-20150609-21:13:50-3601_rcvdPk:count,/veins_fg/examples/Examples_Veins_fg/Prj_Part1_propag/AODV/results/AODVRouting-FS-25-47.sca_AODVRouting-FS-25-47-20150609-11:21:30-13654_rcvdPk:count,/veins_fg/examples/Examples_Veins_fg/Prj_Part1_propag/AODV/results/AODVRouting-FS-25-48.sca_AODVRouting-FS-25-48-20150609-11:22:43-13674_rcvdPk:count,/veins_fg/examples/Examples_Veins_fg/Prj_Part1_propag/AODV/results/AODVRouting-FS-25-49.sca_AODVRouting-FS-25-49-20150609-11:23:08-13687_rcvdPk:count
scenarioPRJP1.node[22].app,366,437,387,343,467,399,282,278,414,442,431,382,408,427,386,422,265,353,400,297,390,339,416,341,407,457,459,381,364,355,424,392,308,379,372,238,408,363,259,443,310,460,413,266,392,274,425,388,466,287
scenarioPRJP1.node[6].app,358,349,349,366,359,331,315,296,339,333,348,326,311,291,303,315,316,305,308,332,283,261,287,357,253,333,342,311,371,363,339,327,408,317,322,300,317,288,294,259,308,317,360,387,336,383,335,311,374,364
scenarioPRJP1.node[0].app,362,247,321,339,300,292,371,265,255,327,282,282,342,395,345,316,273,291,345,269,355,321,303,274,281,273,280,337,347,293,332,350,267,343,304,311,323,395,290,243,298,325,246,309,275,288,287,311,273,289
scenarioPRJP1.node[1].app,491,473,479,388,475,377,465,436,420,455,437,438,351,437,408,482,411,406,397,471,424,408,419,456,400,444,446,407,420,421,518,393,414,453,423,493,451,407,446,474,426,467,431,441,503,429,497,418,480,443
scenarioPRJP1.node[13].app,375,256,282,357,353,273,323,324,247,485,520,354,295,373,313,256,333,297,247,305,237,217,236,272,251,358,386,298,408,294,273,288,270,259,270,234,267,274,286,394,487,443,276,289,355,249,312,255,501,291
scenarioPRJP1.node[2].app,401,409,434,420,406,363,349,445,389,421,457,449,423,401,417,423,377,426,425,498,429,375,437,456,424,387,446,441,445,397,437,445,485,398,405,369,422,394,397,479,360,385,343,404,385,469,429,381,434,368
scenarioPRJP1.node[14].app,246,314,256,242,251,421,316,237,344,339,259,317,314,230,252,293,437,320,266,319,259,289,280,295,315,268,282,382,324,379,389,309,329,285,313,257,294,264,286,228,363,266,428,333,300,408,280,460,235,367
scenarioPRJP1.node[3].app,303,241,320,364,359,257,340,365,248,302,232,274,290,250,242,239,259,262,277,264,309,262,238,317,268,203,317,367,373,334,326,314,293,265,294,259,220,304,270,276,197,271,320,243,237,217,194,314,258,244
scenarioPRJP1.node[15].app,252,297,287,339,342,274,393,318,321,259,399,292,362,305,317,283,288,342,292,384,290,380,365,294,341,319,452,306,405,414,250,322,373,330,317,363,287,299,272,295,370,264,294,429,336,281,434,313,306,363
scenarioPRJP1.node[4].app,452,379,388,419,433,468,379,499,382,501,441,373,358,415,400,463,411,430,514,431,410,390,313,386,443,431,454,449,345,437,389,394,396,410,381,424,505,473,490,416,370,396,425,375,357,467,414,455,486,390
scenarioPRJP1.node[5].app,438,499,492,367,518,398,481,410,448,419,523,473,345,427,412,462,443,422,370,434,350,391,403,498,399,457,408,348,490,410,390,473,416,373,431,461,438,429,405,321,471,505,503,388,401,390,445,416,393,502
scenarioPRJP1.node[16].app,289,353,372,412,371,319,315,424,374,351,292,329,446,409,331,306,328,393,353,357,415,448,325,362,402,338,270,418,437,332,402,410,332,281,359,356,351,413,396,301,350,273,353,386,373,275,390,346,303,379
scenarioPRJP1.node[23].app,445,304,355,347,403,377,371,349,340,335,242,345,355,275,304,265,226,306,381,293,302,265,279,403,426,301,331,304,390,341,316,337,307,309,286,309,525,321,512,315,233,360,333,269,347,375,273,468,301,346
scenarioPRJP1.node[7].app,271,401,355,316,397,391,341,355,349,320,376,329,308,336,356,327,312,378,372,312,357,349,275,373,358,352,367,338,291,344,302,426,393,266,365,392,388,370,320,349,403,377,332,308,332,328,372,343,325,371
scenarioPRJP1.node[17].app,313,485,390,359,437,373,437,358,310,407,396,355,380,333,360,378,363,360,265,363,425,308,290,459,339,369,365,303,324,396,366,417,341,389,406,304,364,291,267,359,439,288,311,324,316,354,356,400,401,278
scenarioPRJP1.node[8].app,363,483,379,419,383,404,415,324,375,383,373,490,401,380,410,444,388,347,460,408,376,336,379,370,385,407,413,358,487,295,440,369,321,409,387,352,324,378,374,385,499,461,386,352,432,345,389,389,425,484
scenarioPRJP1.node[18].app,346,335,328,391,306,289,390,334,313,305,384,294,315,322,328,306,426,319,373,419,361,426,340,251,328,344,292,351,296,306,279,405,353,387,370,305,423,386,367,362,314,391,288,319,298,291,306,348,343,385
scenarioPRJP1.node[9].app,351,366,378,349,414,397,366,408,333,369,336,336,372,396,320,307,356,307,388,452,305,389,335,372,341,307,369,403,278,384,372,375,373,333,370,338,332,314,396,276,303,317,384,354,378,338,416,332,317,368
scenarioPRJP1.node[24].app,464,267,451,364,464,513,295,483,348,344,382,367,400,452,364,325,298,401,456,326,300,282,264,352,473,309,358,418,233,418,311,368,437,397,271,302,460,295,354,262,210,361,320,311,241,490,214,409,325,338
scenarioPRJP1.node[10].app,427,420,365,366,394,408,392,433,451,338,356,396,335,436,350,405,438,348,343,403,328,346,380,405,348,400,381,429,496,422,431,399,345,330,402,389,377,408,316,306,304,345,442,405,312,369,418,368,416,355
scenarioPRJP1.node[19].app,331,291,444,306,391,382,415,310,296,417,376,307,270,374,287,286,360,365,299,396,315,416,325,381,425,344,418,308,468,392,330,344,419,421,395,427,317,394,317,365,357,289,280,387,427,302,331,309,343,374
scenarioPRJP1.node[11].app,443,343,372,339,361,361,358,395,343,364,446,360,430,388,356,346,368,384,385,352,305,422,415,425,326,311,364,376,314,456,352,331,359,426,352,433,425,344,398,356,407,370,356,455,387,392,409,317,399,428
scenarioPRJP1.node[20].app,428,417,449,423,402,414,301,381,438,339,403,425,424,505,401,474,433,445,460,404,488,418,403,417,280,429,398,392,433,381,443,413,399,345,412,410,478,404,425,256,422,402,374,433,402,397,381,462,291,268
scenarioPRJP1.node[12].app,300,345,302,269,324,293,372,316,284,290,321,390,318,317,370,306,299,295,255,309,300,343,300,314,330,324,303,302,384,314,345,369,340,401,315,353,344,292,271,310,401,353,311,280,341,317,379,283,295,392
scenarioPRJP1.node[21].app,336,434,327,428,299,351,286,422,556,352,382,478,431,458,422,516,324,479,356,412,408,264,427,327,262,486,343,345,482,363,421,451,305,339,432,433,308,430,271,449,420,472,482,406,417,419,454,438,401,330
