Module,/veins_fg/examples/Examples_Veins_fg/Prj_Part1_propag/AODV/results/AODVRouting-FS-25-0.sca_AODVRouting-FS-25-0-20150609-10:21:27-12487_rcvdPk:count,/veins_fg/examples/Examples_Veins_fg/Prj_Part1_propag/AODV/results/AODVRouting-FS-25-0.sca_AODVRouting-FS-25-0-20150609-10:21:27-12487_sentPk:count,/veins_fg/examples/Examples_Veins_fg/Prj_Part1_propag/AODV/results/AODVRouting-FS-25-1.sca_AODVRouting-FS-25-1-20150609-10:21:27-12486_rcvdPk:count,/veins_fg/examples/Examples_Veins_fg/Prj_Part1_propag/AODV/results/AODVRouting-FS-25-1.sca_AODVRouting-FS-25-1-20150609-10:21:27-12486_sentPk:count,/veins_fg/examples/Examples_Veins_fg/Prj_Part1_propag/AODV/results/AODVRouting-FS-25-2.sca_AODVRouting-FS-25-2-20150609-10:21:27-12489_rcvdPk:count,/veins_fg/examples/Examples_Veins_fg/Prj_Part1_propag/AODV/results/AODVRouting-FS-25-2.sca_AODVRouting-FS-25-2-20150609-10:21:27-12489_sentPk:count,/veins_fg/examples/Examples_Veins_fg/Prj_Part1_propag/AODV/results/AODVRouting-FS-25-3.sca_AODVRouting-FS-25-3-20150609-10:21:27-12488_rcvdPk:count,/veins_fg/examples/Examples_Veins_fg/Prj_Part1_propag/AODV/results/AODVRouting-FS-25-3.sca_AODVRouting-FS-25-3-20150609-10:21:27-12488_sentPk:count,/veins_fg/examples/Examples_Veins_fg/Prj_Part1_propag/AODV/results/AODVRouting-FS-25-4.sca_AODVRouting-FS-25-4-20150609-10:26:13-12680_rcvdPk:count,/veins_fg/examples/Examples_Veins_fg/Prj_Part1_propag/AODV/results/AODVRouting-FS-25-4.sca_AODVRouting-FS-25-4-20150609-10:26:13-12680_sentPk:count,/veins_fg/examples/Examples_Veins_fg/Prj_Part1_propag/AODV/results/AODVRouting-FS-25-5.sca_AODVRouting-FS-25-5-20150609-10:26:15-12692_rcvdPk:count,/veins_fg/examples/Examples_Veins_fg/Prj_Part1_propag/AODV/results/AODVRouting-FS-25-5.sca_AODVRouting-FS-25-5-20150609-10:26:15-12692_sentPk:count,/veins_fg/examples/Examples_Veins_fg/Prj_Part1_propag/AODV/results/AODVRouting-FS-25-6.sca_AODVRouting-FS-25-6-20150609-21:17:00-3673_rcvdPk:count,/veins_fg/examples/Examples_Veins_fg/Prj_Part1_propag/AODV/results/AODVRouting-FS-25-6.sca_AODVRouting-FS-25-6-20150609-21:17:00-3673_sentPk:count,/veins_fg/examples/Examples_Veins_fg/Prj_Part1_propag/AODV/results/AODVRouting-FS-25-7.sca_AODVRouting-FS-25-7-20150609-10:26:47-12718_rcvdPk:count,/veins_fg/examples/Examples_Veins_fg/Prj_Part1_propag/AODV/results/AODVRouting-FS-25-7.sca_AODVRouting-FS-25-7-20150609-10:26:47-12718_sentPk:count,/veins_fg/examples/Examples_Veins_fg/Prj_Part1_propag/AODV/results/AODVRouting-FS-25-8.sca_AODVRouting-FS-25-8-20150609-10:27:33-12737_rcvdPk:count,/veins_fg/examples/Examples_Veins_fg/Prj_Part1_propag/AODV/results/AODVRouting-FS-25-8.sca_AODVRouting-FS-25-8-20150609-10:27:33-12737_sentPk:count,/veins_fg/examples/Examples_Veins_fg/Prj_Part1_propag/AODV/results/AODVRouting-FS-25-9.sca_AODVRouting-FS-25-9-20150609-10:31:56-12800_rcvdPk:count,/veins_fg/examples/Examples_Veins_fg/Prj_Part1_propag/AODV/results/AODVRouting-FS-25-9.sca_AODVRouting-FS-25-9-20150609-10:31:56-12800_sentPk:count,/veins_fg/examples/Examples_Veins_fg/Prj_Part1_propag/AODV/results/AODVRouting-FS-25-10.sca_AODVRouting-FS-25-10-20150609-10:31:57-12805_rcvdPk:count,/veins_fg/examples/Examples_Veins_fg/Prj_Part1_propag/AODV/results/AODVRouting-FS-25-10.sca_AODVRouting-FS-25-10-20150609-10:31:57-12805_sentPk:count,/veins_fg/examples/Examples_Veins_fg/Prj_Part1_propag/AODV/results/AODVRouting-FS-25-11.sca_AODVRouting-FS-25-11-20150609-10:32:38-12820_rcvdPk:count,/veins_fg/examples/Examples_Veins_fg/Prj_Part1_propag/AODV/results/AODVRouting-FS-25-11.sca_AODVRouting-FS-25-11-20150609-10:32:38-12820_sentPk:count,/veins_fg/examples/Examples_Veins_fg/Prj_Part1_propag/AODV/results/AODVRouting-FS-25-12.sca_AODVRouting-FS-25-12-20150609-10:33:23-12842_rcvdPk:count,/veins_fg/examples/Examples_Veins_fg/Prj_Part1_propag/AODV/results/AODVRouting-FS-25-12.sca_AODVRouting-FS-25-12-20150609-10:33:23-12842_sentPk:count,/veins_fg/examples/Examples_Veins_fg/Prj_Part1_propag/AODV/results/AODVRouting-FS-25-13.sca_AODVRouting-FS-25-13-20150609-10:38:07-12875_rcvdPk:count,/veins_fg/examples/Examples_Veins_fg/Prj_Part1_propag/AODV/results/AODVRouting-FS-25-13.sca_AODVRouting-FS-25-13-20150609-10:38:07-12875_sentPk:count,/veins_fg/examples/Examples_Veins_fg/Prj_Part1_propag/AODV/results/AODVRouting-FS-25-14.sca_AODVRouting-FS-25-14-20150609-21:13:50-3600_rcvdPk:count,/veins_fg/examples/Examples_Veins_fg/Prj_Part1_propag/AODV/results/AODVRouting-FS-25-14.sca_AODVRouting-FS-25-14-20150609-21:13:50-3600_sentPk:count,/veins_fg/examples/Examples_Veins_fg/Prj_Part1_propag/AODV/results/AODVRouting-FS-25-15.sca_AODVRouting-FS-25-15-20150609-10:38:40-12910_rcvdPk:count,/veins_fg/examples/Examples_Veins_fg/Prj_Part1_propag/AODV/results/AODVRouting-FS-25-15.sca_AODVRouting-FS-25-15-20150609-10:38:40-12910_sentPk:count,/veins_fg/examples/Examples_Veins_fg/Prj_Part1_propag/AODV/results/AODVRouting-FS-25-16.sca_AODVRouting-FS-25-16-20150609-10:39:03-12921_rcvdPk:count,/veins_fg/examples/Examples_Veins_fg/Prj_Part1_propag/AODV/results/AODVRouting-FS-25-16.sca_AODVRouting-FS-25-16-20150609-10:39:03-12921_sentPk:count,/veins_fg/examples/Examples_Veins_fg/Prj_Part1_propag/AODV/results/AODVRouting-FS-25-17.sca_AODVRouting-FS-25-17-20150609-10:39:39-12932_rcvdPk:count,/veins_fg/examples/Examples_Veins_fg/Prj_Part1_propag/AODV/results/AODVRouting-FS-25-17.sca_AODVRouting-FS-25-17-20150609-10:39:39-12932_sentPk:count,/veins_fg/examples/Examples_Veins_fg/Prj_Part1_propag/AODV/results/AODVRouting-FS-25-18.sca_AODVRouting-FS-25-18-20150609-10:44:16-12986_rcvdPk:count,/veins_fg/examples/Examples_Veins_fg/Prj_Part1_propag/AODV/results/AODVRouting-FS-25-18.sca_AODVRouting-FS-25-18-20150609-10:44:16-12986_sentPk:count,/veins_fg/examples/Examples_Veins_fg/Prj_Part1_propag/AODV/results/AODVRouting-FS-25-19.sca_AODVRouting-FS-25-19-20150609-10:44:32-12997_rcvdPk:count,/veins_fg/examples/Examples_Veins_fg/Prj_Part1_propag/AODV/results/AODVRouting-FS-25-19.sca_AODVRouting-FS-25-19-20150609-10:44:32-12997_sentPk:count,/veins_fg/examples/Examples_Veins_fg/Prj_Part1_propag/AODV/results/AODVRouting-FS-25-20.sca_AODVRouting-FS-25-20-20150609-10:44:50-13012_rcvdPk:count,/veins_fg/examples/Examples_Veins_fg/Prj_Part1_propag/AODV/results/AODVRouting-FS-25-20.sca_AODVRouting-FS-25-20-20150609-10:44:50-13012_sentPk:count,/veins_fg/examples/Examples_Veins_fg/Prj_Part1_propag/AODV/results/AODVRouting-FS-25-21.sca_AODVRouting-FS-25-21-20150609-10:45:41-13022_rcvdPk:count,/veins_fg/examples/Examples_Veins_fg/Prj_Part1_propag/AODV/results/AODVRouting-FS-25-21.sca_AODVRouting-FS-25-21-20150609-10:45:41-13022_sentPk:count,/veins_fg/examples/Examples_Veins_fg/Prj_Part1_propag/AODV/results/AODVRouting-FS-25-22.sca_AODVRouting-FS-25-22-20150609-10:50:13-13069_rcvdPk:count,/veins_fg/examples/Examples_Veins_fg/Prj_Part1_propag/AODV/results/AODVRouting-FS-25-22.sca_AODVRouting-FS-25-22-20150609-10:50:13-13069_sentPk:count,/veins_fg/examples/Examples_Veins_fg/Prj_Part1_propag/AODV/results/AODVRouting-FS-25-23.sca_AODVRouting-FS-25-23-20150609-10:50:36-13079_rcvdPk:count,/veins_fg/examples/Examples_Veins_fg/Prj_Part1_propag/AODV/results/AODVRouting-FS-25-23.sca_AODVRouting-FS-25-23-20150609-10:50:36-13079_sentPk:count,/veins_fg/examples/Examples_Veins_fg/Prj_Part1_propag/AODV/results/AODVRouting-FS-25-24.sca_AODVRouting-FS-25-24-20150609-10:50:44-13090_rcvdPk:count,/veins_fg/examples/Examples_Veins_fg/Prj_Part1_propag/AODV/results/AODVRouting-FS-25-24.sca_AODVRouting-FS-25-24-20150609-10:50:44-13090_sentPk:count,/veins_fg/examples/Examples_Veins_fg/Prj_Part1_propag/AODV/results/AODVRouting-FS-25-25.sca_AODVRouting-FS-25-25-20150609-10:51:32-13101_rcvdPk:count,/veins_fg/examples/Examples_Veins_fg/Prj_Part1_propag/AODV/results/AODVRouting-FS-25-25.sca_AODVRouting-FS-25-25-20150609-10:51:32-13101_sentPk:count,/veins_fg/examples/Examples_Veins_fg/Prj_Part1_propag/AODV/results/AODVRouting-FS-25-26.sca_AODVRouting-FS-25-26-20150609-10:56:07-13157_rcvdPk:count,/veins_fg/examples/Examples_Veins_fg/Prj_Part1_propag/AODV/results/AODVRouting-FS-25-26.sca_AODVRouting-FS-25-26-20150609-10:56:07-13157_sentPk:count,/veins_fg/examples/Examples_Veins_fg/Prj_Part1_propag/AODV/results/AODVRouting-FS-25-27.sca_AODVRouting-FS-25-27-20150609-21:13:50-3602_rcvdPk:count,/veins_fg/examples/Examples_Veins_fg/Prj_Part1_propag/AODV/results/AODVRouting-FS-25-27.sca_AODVRouting-FS-25-27-20150609-21:13:50-3602_sentPk:count,/veins_fg/examples/Examples_Veins_fg/Prj_Part1_propag/AODV/results/AODVRouting-FS-25-28.sca_AODVRouting-FS-25-28-20150609-21:13:50-3603_rcvdPk:count,/veins_fg/examples/Examples_Veins_fg/Prj_Part1_propag/AODV/results/AODVRouting-FS-25-28.sca_AODVRouting-FS-25-28-20150609-21:13:50-3603_sentPk:count,/veins_fg/examples/Examples_Veins_fg/Prj_Part1_propag/AODV/results/AODVRouting-FS-25-29.sca_AODVRouting-FS-25-29-20150609-10:57:24-13197_rcvdPk:count,/veins_fg/examples/Examples_Veins_fg/Prj_Part1_propag/AODV/results/AODVRouting-FS-25-29.sca_AODVRouting-FS-25-29-20150609-10:57:24-13197_sentPk:count,/veins_fg/examples/Examples_Veins_fg/Prj_Part1_propag/AODV/results/AODVRouting-FS-25-30.sca_AODVRouting-FS-25-30-20150609-21:17:00-3668_rcvdPk:count,/veins_fg/examples/Examples_Veins_fg/Prj_Part1_propag/AODV/results/AODVRouting-FS-25-30.sca_AODVRouting-FS-25-30-20150609-21:17:00-3668_sentPk:count,/veins_fg/examples/Examples_Veins_fg/Prj_Part1_propag/AODV/results/AODVRouting-FS-25-31.sca_AODVRouting-FS-25-31-20150609-21:17:00-3678_rcvdPk:count,/veins_fg/examples/Examples_Veins_fg/Prj_Part1_propag/AODV/results/AODVRouting-FS-25-31.sca_AODVRouting-FS-25-31-20150609-21:17:00-3678_sentPk:count,/veins_fg/examples/Examples_Veins_fg/Prj_Part1_propag/AODV/results/AODVRouting-FS-25-32.sca_AODVRouting-FS-25-32-20150609-10:58:09-13232_rcvdPk:count,/veins_fg/examples/Examples_Veins_fg/Prj_Part1_propag/AODV/results/AODVRouting-FS-25-32.sca_AODVRouting-FS-25-32-20150609-10:58:09-13232_sentPk:count,/veins_fg/examples/Examples_Veins_fg/Prj_Part1_propag/AODV/results/AODVRouting-FS-25-33.sca_AODVRouting-FS-25-33-20150609-10:59:57-13261_rcvdPk:count,/veins_fg/examples/Examples_Veins_fg/Prj_Part1_propag/AODV/results/AODVRouting-FS-25-33.sca_AODVRouting-FS-25-33-20150609-10:59:57-13261_sentPk:count,/veins_fg/examples/Examples_Veins_fg/Prj_Part1_propag/AODV/results/AODVRouting-FS-25-34.sca_AODVRouting-FS-25-34-20150609-11:02:12-13299_rcvdPk:count,/veins_fg/examples/Examples_Veins_fg/Prj_Part1_propag/AODV/results/AODVRouting-FS-25-34.sca_AODVRouting-FS-25-34-20150609-11:02:12-13299_sentPk:count,/veins_fg/examples/Examples_Veins_fg/Prj_Part1_propag/AODV/results/AODVRouting-FS-25-35.sca_AODVRouting-FS-25-35-20150609-11:03:32-13326_rcvdPk:count,/veins_fg/examples/Examples_Veins_fg/Prj_Part1_propag/AODV/results/AODVRouting-FS-25-35.sca_AODVRouting-FS-25-35-20150609-11:03:32-13326_sentPk:count,/veins_fg/examples/Examples_Veins_fg/Prj_Part1_propag/AODV/results/AODVRouting-FS-25-36.sca_AODVRouting-FS-25-36-20150609-11:04:25-13343_rcvdPk:count,/veins_fg/examples/Examples_Veins_fg/Prj_Part1_propag/AODV/results/AODVRouting-FS-25-36.sca_AODVRouting-FS-25-36-20150609-11:04:25-13343_sentPk:count,/veins_fg/examples/Examples_Veins_fg/Prj_Part1_propag/AODV/results/AODVRouting-FS-25-37.sca_AODVRouting-FS-25-37-20150609-11:05:55-13378_rcvdPk:count,/veins_fg/examples/Examples_Veins_fg/Prj_Part1_propag/AODV/results/AODVRouting-FS-25-37.sca_AODVRouting-FS-25-37-20150609-11:05:55-13378_sentPk:count,/veins_fg/examples/Examples_Veins_fg/Prj_Part1_propag/AODV/results/AODVRouting-FS-25-38.sca_AODVRouting-FS-25-38-20150609-11:08:18-13415_rcvdPk:count,/veins_fg/examples/Examples_Veins_fg/Prj_Part1_propag/AODV/results/AODVRouting-FS-25-38.sca_AODVRouting-FS-25-38-20150609-11:08:18-13415_sentPk:count,/veins_fg/examples/Examples_Veins_fg/Prj_Part1_propag/AODV/results/AODVRouting-FS-25-39.sca_AODVRouting-FS-25-39-20150609-11:09:28-13442_rcvdPk:count,/veins_fg/examples/Examples_Veins_fg/Prj_Part1_propag/AODV/results/AODVRouting-FS-25-39.sca_AODVRouting-FS-25-39-20150609-11:09:28-13442_sentPk:count,/veins_fg/examples/Examples_Veins_fg/Prj_Part1_propag/AODV/results/AODVRouting-FS-25-40.sca_AODVRouting-FS-25-40-20150609-11:10:36-13457_rcvdPk:count,/veins_fg/examples/Examples_Veins_fg/Prj_Part1_propag/AODV/results/AODVRouting-FS-25-40.sca_AODVRouting-FS-25-40-20150609-11:10:36-13457_sentPk:count,/veins_fg/examples/Examples_Veins_fg/Prj_Part1_propag/AODV/results/AODVRouting-FS-25-41.sca_AODVRouting-FS-25-41-20150609-11:12:02-13482_rcvdPk:count,/veins_fg/examples/Examples_Veins_fg/Prj_Part1_propag/AODV/results/AODVRouting-FS-25-41.sca_AODVRouting-FS-25-41-20150609-11:12:02-13482_sentPk:count,/veins_fg/examples/Examples_Veins_fg/Prj_Part1_propag/AODV/results/AODVRouting-FS-25-42.sca_AODVRouting-FS-25-42-20150609-11:14:28-13521_rcvdPk:count,/veins_fg/examples/Examples_Veins_fg/Prj_Part1_propag/AODV/results/AODVRouting-FS-25-42.sca_AODVRouting-FS-25-42-20150609-11:14:28-13521_sentPk:count,/veins_fg/examples/Examples_Veins_fg/Prj_Part1_propag/AODV/results/AODVRouting-FS-25-43.sca_AODVRouting-FS-25-43-20150609-11:15:19-13542_rcvdPk:count,/veins_fg/examples/Examples_Veins_fg/Prj_Part1_propag/AODV/results/AODVRouting-FS-25-43.sca_AODVRouting-FS-25-43-20150609-11:15:19-13542_sentPk:count,/veins_fg/examples/Examples_Veins_fg/Prj_Part1_propag/AODV/results/AODVRouting-FS-25-44.sca_AODVRouting-FS-25-44-20150609-11:16:41-13560_rcvdPk:count,/veins_fg/examples/Examples_Veins_fg/Prj_Part1_propag/AODV/results/AODVRouting-FS-25-44.sca_AODVRouting-FS-25-44-20150609-11:16:41-13560_sentPk:count,/veins_fg/examples/Examples_Veins_fg/Prj_Part1_propag/AODV/results/AODVRouting-FS-25-45.sca_AODVRouting-FS-25-45-20150609-11:18:24-13597_rcvdPk:count,/veins_fg/examples/Examples_Veins_fg/Prj_Part1_propag/AODV/results/AODVRouting-FS-25-45.sca_AODVRouting-FS-25-45-20150609-11:18:24-13597_sentPk:count,/veins_fg/examples/Examples_Veins_fg/Prj_Part1_propag/AODV/results/AODVRouting-FS-25-46.sca_AODVRouting-FS-25-46-20150609-21:13:50-3601_rcvdPk:count,/veins_fg/examples/Examples_Veins_fg/Prj_Part1_propag/AODV/results/AODVRouting-FS-25-46.sca_AODVRouting-FS-25-46-20150609-21:13:50-3601_sentPk:count,/veins_fg/examples/Examples_Veins_fg/Prj_Part1_propag/AODV/results/AODVRouting-FS-25-47.sca_AODVRouting-FS-25-47-20150609-11:21:30-13654_rcvdPk:count,/veins_fg/examples/Examples_Veins_fg/Prj_Part1_propag/AODV/results/AODVRouting-FS-25-47.sca_AODVRouting-FS-25-47-20150609-11:21:30-13654_sentPk:count,/veins_fg/examples/Examples_Veins_fg/Prj_Part1_propag/AODV/results/AODVRouting-FS-25-48.sca_AODVRouting-FS-25-48-20150609-11:22:43-13674_rcvdPk:count,/veins_fg/examples/Examples_Veins_fg/Prj_Part1_propag/AODV/results/AODVRouting-FS-25-48.sca_AODVRouting-FS-25-48-20150609-11:22:43-13674_sentPk:count,/veins_fg/examples/Examples_Veins_fg/Prj_Part1_propag/AODV/results/AODVRouting-FS-25-49.sca_AODVRouting-FS-25-49-20150609-11:23:08-13687_rcvdPk:count,/veins_fg/examples/Examples_Veins_fg/Prj_Part1_propag/AODV/results/AODVRouting-FS-25-49.sca_AODVRouting-FS-25-49-20150609-11:23:08-13687_sentPk:count
scenarioPRJP1.node[22].app,366,5002,437,5007,387,5003,343,5004,467,5008,399,5007,282,4619,278,5007,414,5004,442,5005,431,5010,382,5003,408,5003,427,5003,386,5017,422,5004,265,4668,353,5005,400,5001,297,5013,390,5000,339,5008,416,5002,341,5002,407,5009,457,5003,459,5003,381,5024,364,5007,355,5010,424,5018,392,5020,308,5004,379,5004,372,5003,238,5006,408,5007,363,5003,259,5009,443,4999,310,5005,460,5004,413,5004,266,5006,392,5007,274,5003,425,5021,388,5007,466,5007,287,4920
scenarioPRJP1.node[6].app,358,5010,349,5017,349,5016,366,4859,359,4859,331,5017,315,5025,296,4614,339,5012,333,4858,348,5021,326,5016,311,5023,291,5016,303,5018,315,4858,316,5012,305,4858,308,5014,332,4614,283,5012,261,4860,287,5010,357,4857,253,5021,333,5016,342,5016,311,4615,371,5016,363,4615,339,4615,327,4613,408,5012,317,5012,322,5016,300,5017,317,5017,288,5016,294,4860,259,4862,308,4859,317,5012,360,5012,387,4612,336,5017,383,5008,335,4862,311,5017,374,5017,364,5016
scenarioPRJP1.node[0].app,362,5029,247,5025,321,5029,339,5027,300,5027,292,5025,371,5009,265,5025,255,5024,327,5030,282,5022,282,5029,342,5032,395,5029,345,5008,316,5027,273,5031,291,5025,345,5028,269,5022,355,5030,321,5031,303,5029,274,5028,281,5036,273,5029,280,5029,337,5010,347,5006,293,5020,332,5014,350,5010,267,5024,343,5024,304,5029,311,5026,323,5025,395,5029,290,5031,243,5030,298,5030,325,5024,246,5024,309,5025,275,5025,288,5028,287,5006,311,5025,273,5025,289,5033
scenarioPRJP1.node[1].app,491,5022,473,5028,479,5025,388,5030,475,5025,377,5028,465,5013,436,5019,420,5024,455,5024,437,5026,438,5025,351,5024,437,5025,408,5013,482,5027,411,5025,406,5025,397,5025,471,5028,424,5019,408,5029,419,5022,456,5020,400,5026,444,5025,446,5025,407,5009,420,5013,421,5020,518,5021,393,5004,414,5024,453,5024,423,5025,493,5029,451,5028,407,5025,446,5028,474,5024,426,5027,467,5024,431,5024,441,5022,503,5028,429,5024,497,5014,418,5028,480,5028,443,5027
scenarioPRJP1.node[13].app,375,5034,256,4697,282,5040,357,4946,353,5036,273,4697,323,4995,324,4941,247,4636,485,5039,520,5037,354,5040,295,4460,373,5040,313,5000,256,4453,333,5037,297,4694,247,4698,305,4699,237,4464,217,4947,236,4468,272,4636,251,4459,358,5040,386,5040,298,5006,408,5004,294,5032,273,4425,288,4603,270,4636,259,4636,270,5040,234,4693,267,4697,274,5040,286,5038,394,5042,487,5037,443,5037,276,4636,289,4693,355,5037,249,4694,312,4999,255,4697,501,5038,291,5039
scenarioPRJP1.node[2].app,401,5022,409,5026,434,5028,420,5025,406,5026,363,5026,349,4992,445,5031,389,5032,421,5029,457,5025,449,5028,423,5020,401,5028,417,4998,423,5018,377,5030,426,5030,425,5031,498,5025,429,5026,375,5024,437,5022,456,5036,424,5020,387,5028,446,5028,441,4994,445,4995,397,5035,437,4990,445,4990,485,5032,398,5032,405,5028,369,5026,422,5026,394,5028,397,5024,479,5025,360,5028,385,5032,343,5032,404,5029,385,5026,469,5031,429,4987,381,5026,434,5026,368,5026
scenarioPRJP1.node[14].app,246,4453,314,5019,256,5022,242,5019,251,5022,421,5019,316,5040,237,5018,344,5017,339,4680,259,4457,317,5022,314,5030,230,5022,252,4694,293,5021,437,5024,320,5020,266,5015,319,5019,259,5029,289,5020,280,5019,295,5018,315,5027,268,5022,282,5022,382,5033,324,5037,379,5021,389,5023,309,5028,329,5017,285,5017,313,5022,257,5020,294,5019,264,5022,286,5023,228,4454,363,5021,266,4620,428,5017,333,5020,300,5019,408,5019,280,4455,460,5019,235,4681,367,5022
scenarioPRJP1.node[3].app,303,5015,241,5021,320,5020,364,5023,359,5021,257,5021,340,5015,365,5027,248,5020,302,5024,232,5025,274,5020,290,5013,250,5020,242,5014,239,5024,259,5017,262,5026,277,5024,264,5018,309,5016,262,5021,238,5015,317,5021,268,5016,203,5020,317,5020,367,5014,373,5018,334,5018,326,5016,314,5017,293,5020,265,5020,294,5020,259,5019,220,5021,304,5020,270,5025,276,5022,197,5023,271,5021,320,5020,243,5015,237,5027,217,5024,194,5003,314,5021,258,5021,244,5019
scenarioPRJP1.node[15].app,252,4993,297,5001,287,4995,339,4997,342,5001,274,5001,393,4997,318,4996,321,5000,259,5001,399,5002,292,4995,362,5000,305,4995,317,4993,283,5005,288,5002,342,4998,292,5000,384,4993,290,4985,380,4998,365,4993,294,4997,341,4991,319,4995,452,4995,306,4998,405,4997,414,4994,250,4995,322,4993,373,5000,330,5000,317,4995,363,5001,287,5001,299,4995,272,4996,295,5003,370,4999,264,5000,294,5000,429,5000,336,5001,281,4997,434,5004,313,5001,306,5001,363,4996
scenarioPRJP1.node[4].app,452,5028,379,5023,388,5019,419,5021,433,5019,468,5023,379,4991,499,5017,382,5024,501,5016,441,5026,373,5019,358,5027,415,5019,400,4997,463,5017,411,5021,430,5016,514,5017,431,5019,410,5024,390,5018,313,5028,386,5023,443,5031,431,5019,454,5019,449,4993,345,4993,437,5024,389,4992,394,5000,396,5024,410,5024,381,5019,424,5017,505,5023,473,5019,490,5017,416,5023,370,5020,396,5022,425,5024,375,5029,357,5023,467,5018,414,4992,455,5023,486,5023,390,5019
scenarioPRJP1.node[5].app,438,4991,499,4989,492,4988,367,4987,518,4989,398,4989,481,5038,410,4987,448,4992,419,4994,523,4987,473,4988,345,4986,427,4988,412,5027,462,4985,443,4987,422,4985,370,4993,434,4990,350,4985,391,4991,403,4991,498,4995,399,4993,457,4988,408,4988,348,5030,490,5032,410,4978,390,5032,473,5027,416,4992,373,4992,431,4988,461,4987,438,4989,429,4988,405,4990,321,4984,471,4986,505,4992,503,4992,388,4990,401,4989,390,4992,445,5023,416,4989,393,4988,502,4987
scenarioPRJP1.node[16].app,289,4999,353,5005,372,5003,412,5004,371,5001,319,5005,315,4998,424,5005,374,5002,351,5004,292,4996,329,5003,446,5006,409,5003,331,4994,306,4998,328,5004,393,5000,353,5002,357,5003,415,5008,448,5006,325,4999,362,5005,402,5005,338,5003,270,5003,418,4989,437,4997,332,5005,402,4993,410,4995,332,5002,281,5002,359,5003,356,5000,351,5005,413,5003,396,5004,301,5004,350,5001,273,5010,353,5002,386,5004,373,5005,275,5004,390,4988,346,5005,303,5005,379,5006
scenarioPRJP1.node[23].app,445,5025,304,5020,355,5020,347,5023,403,5022,377,5020,371,5029,349,5014,340,5022,335,5022,242,5023,345,5020,355,5019,275,5020,304,5030,265,5023,226,5022,306,5024,381,5016,293,5023,302,5023,265,5020,279,5025,403,5018,426,5021,301,5020,331,5020,304,5029,390,5029,341,5020,316,5032,337,5037,307,5022,309,5022,286,5020,309,5019,525,5020,321,5020,512,5022,315,5025,233,5022,360,5018,333,5022,269,5025,347,5020,375,5019,273,5030,468,5020,301,5020,346,5023
scenarioPRJP1.node[7].app,271,5005,401,5007,355,5010,316,5010,397,5008,391,5007,341,5004,355,5006,349,5006,320,5003,376,5009,329,5010,308,5011,336,5010,356,5004,327,5006,312,5012,378,5010,372,5010,312,4999,357,5011,349,5005,275,5005,373,5006,358,5006,352,5010,367,5010,338,5005,291,5006,344,5008,302,5011,426,5000,393,5006,266,5006,365,5010,392,5005,388,5007,370,5010,320,5005,349,5006,403,5007,377,5009,332,5006,308,5012,332,5007,328,5006,372,5005,343,5007,325,5005,371,5005
scenarioPRJP1.node[17].app,313,4997,485,5003,390,4997,359,4995,437,4997,373,5003,437,5010,358,5001,310,4998,407,4995,396,5006,355,4997,380,4992,333,4997,360,5012,378,4993,363,4997,360,5000,265,4996,363,5001,425,4998,308,4996,290,4997,459,4998,339,4994,369,4997,365,4997,303,5019,324,5011,396,4993,366,5002,417,5008,341,4998,389,4998,406,4997,304,4998,364,5003,291,4997,267,4997,359,5003,439,4996,288,4995,311,4998,324,5001,316,5003,354,4998,356,5010,400,5003,401,5003,278,4996
scenarioPRJP1.node[8].app,363,5016,483,5015,379,5019,419,5019,383,5020,404,5015,415,5015,324,5020,375,5024,383,5020,373,5028,490,5019,401,5020,380,5019,410,5018,444,5021,388,5023,347,5014,460,5020,408,5017,376,5018,336,5018,379,5016,370,5024,385,5023,407,5019,413,5019,358,5024,487,5023,295,5018,440,5019,369,5031,321,5024,409,5024,387,5019,352,5023,324,5015,378,5019,374,5016,385,5013,499,5019,461,5016,386,5024,352,5009,432,5015,345,5014,389,5018,389,5015,425,5015,484,5020
scenarioPRJP1.node[18].app,346,5019,335,5013,328,5007,391,5009,306,5006,289,5013,390,5006,334,5022,313,5013,305,5014,384,5010,294,5007,315,5011,322,5007,328,5004,306,5020,426,5011,319,5014,373,5015,419,5017,361,5019,426,5011,340,5019,251,5014,328,5023,344,5007,292,5007,351,5006,296,5006,306,5014,279,5007,405,5003,353,5013,387,5013,370,5007,305,5010,423,5013,386,5007,367,5007,362,5014,314,5009,391,5011,288,5013,319,5014,298,5013,291,5016,306,5001,348,5013,343,5013,385,5005
scenarioPRJP1.node[9].app,351,5026,366,5017,378,5018,349,5020,414,5018,397,5017,366,5023,408,5016,333,5020,369,5020,336,5018,336,5018,372,5029,396,5018,320,5020,307,5018,356,5012,307,5016,388,5020,452,5021,305,5017,389,5015,335,5026,372,5018,341,5010,307,5018,369,5018,403,5021,278,5016,384,5017,372,5022,375,5016,373,5020,333,5020,370,5018,338,5011,332,5017,314,5018,396,5016,276,5016,303,5020,317,5020,384,5020,354,5013,378,5017,338,5015,416,5018,332,5017,317,5017,368,5019
scenarioPRJP1.node[24].app,464,5019,267,5022,451,5014,364,5017,464,5013,513,5022,295,5043,483,5013,348,5011,344,5021,382,5012,367,5014,400,5012,452,5014,364,5043,325,5015,298,5015,401,5013,456,5019,326,5018,300,5009,282,5016,264,5019,352,5011,473,5008,309,5014,358,5014,418,5038,233,4703,418,5021,311,5045,368,5040,437,5011,397,5011,271,5014,302,5011,460,5022,295,5014,354,5020,262,5018,210,4922,361,5011,320,5011,311,5006,241,4676,490,5015,214,5038,409,5022,325,5022,338,5015
scenarioPRJP1.node[10].app,427,5000,420,5003,365,4997,366,4997,394,4997,408,5003,392,5022,433,4997,451,4997,338,4992,356,5000,396,4997,335,4996,436,4997,350,5023,405,5001,438,5002,348,4995,343,4999,403,5001,328,5003,346,4999,380,5000,405,4996,348,4992,400,4997,381,4997,429,5020,496,5017,422,5000,431,5024,399,5022,345,4997,330,4997,402,4997,389,5004,377,5003,408,4997,316,4994,306,5000,304,4998,345,4999,442,4997,405,5005,312,5003,369,5004,418,5021,368,5003,416,5003,355,4995
scenarioPRJP1.node[19].app,331,5010,291,5006,444,5014,306,5012,391,5016,382,5006,415,5009,310,5009,296,5011,417,5008,376,5014,307,5014,270,5019,374,5014,287,5008,286,5014,360,5010,365,5015,299,5014,396,5009,315,5021,416,5012,325,5010,381,5011,425,5015,344,5014,418,5014,308,5011,468,5014,392,5011,330,5010,344,5012,419,5011,421,5011,395,5014,427,5016,317,5006,394,5014,317,5014,365,5010,357,5015,289,5012,280,5011,387,5015,427,5006,302,5011,331,5003,309,5006,343,5006,374,5014
scenarioPRJP1.node[11].app,443,5000,343,5005,372,5007,339,5003,361,5006,361,5005,358,5032,395,5000,343,5003,364,5002,446,5001,360,5007,430,5001,388,5007,356,5034,346,5012,368,5000,384,5001,385,5008,352,5000,305,5010,422,5004,415,5000,425,4998,326,5000,311,5007,364,5007,376,5043,314,5039,456,5007,352,5039,331,5034,359,5003,426,5003,352,5007,433,5004,425,5005,344,5007,398,5005,356,5002,407,5003,370,5003,356,5003,455,5007,387,5005,392,5002,409,5042,317,5005,399,5005,428,5008
scenarioPRJP1.node[20].app,428,5016,417,5008,449,5013,423,5013,402,5011,414,5008,301,5014,381,5013,438,5013,339,5011,403,5003,425,5013,424,5004,505,5013,401,5019,474,5014,433,5015,445,5009,460,5011,404,5015,488,5005,418,5012,403,5016,417,5012,280,5008,429,5013,398,5013,392,5017,433,5013,381,5015,443,5016,413,5024,399,5013,345,5013,412,5013,410,5012,478,5008,404,5013,425,5011,256,5006,422,5012,402,5013,374,5013,433,5011,402,5008,397,5006,381,5022,462,5008,291,5008,268,5015
scenarioPRJP1.node[12].app,300,5013,345,5018,302,5015,269,5013,324,5013,293,5018,372,4999,316,5013,284,5013,290,5020,321,5024,390,5015,318,5019,317,5015,370,5000,306,5021,299,5013,295,5012,255,5013,309,5016,300,5022,343,5015,300,5013,314,5016,330,5018,324,5015,303,5015,302,4988,384,4990,314,5017,345,5002,369,4990,340,5013,401,5013,315,5015,353,5013,344,5018,292,5015,271,5013,310,5012,401,5016,353,5013,311,5013,280,5023,341,5018,317,5014,379,5002,283,5018,295,5018,392,5012
scenarioPRJP1.node[21].app,336,5009,434,4991,327,4997,428,5001,299,5000,351,4991,286,5003,422,5004,556,4999,352,5005,382,5001,478,4997,431,4996,458,4997,422,4999,516,5005,324,4996,479,5001,356,4997,412,5002,408,4999,264,4998,427,5009,327,4995,262,5001,486,4997,343,4997,345,5005,482,5005,363,5004,421,5002,451,5005,305,4999,339,4999,432,4997,433,4992,308,4991,430,4997,271,4996,449,5003,420,4999,472,4999,482,4999,406,4996,417,4991,419,4997,454,5000,438,4991,401,4991,330,4998
